rooms,street, type, district
2,9-РіРѕ РўСЂР°РІРЅСЏ,РІСѓР»РёС†СЏ,РЎРІСЏС‚РѕС€РёРЅСЃСЊРєРёР№
3,РђР±СЂРёРєРѕСЃРѕРІР°,РІСѓР»РёС†СЏ,РћР±РѕР»РѕРЅСЃСЊРєРёР№
3,РђР±СЂРёРєРѕСЃРѕРІР°,РІСѓР»РёС†СЏ,Р”Р°СЂРЅРёС†СЊРєРёР№
2,РђР±СЂРёРєРѕСЃРѕРІР°,РІСѓР»РёС†СЏ,РџРѕРґС–Р»СЊСЃСЊРєРёР№
2,РђРІРіСѓСЃС‚РёРЅР° Р’РѕР»РѕС€РёРЅР°,РІСѓР»РёС†СЏ,РЎРѕР»РѕРјвЂ™СЏРЅСЃСЊРєРёР№
3,РђРІРґС”С”РЅРєР° Р“РµРЅРµСЂР°Р»Р°,РІСѓР»РёС†СЏ,РЎРІСЏС‚РѕС€РёРЅСЃСЊРєРёР№
5,РђРІС‚РѕР·Р°РІРѕРґСЃСЊРєР°,РІСѓР»РёС†СЏ,РћР±РѕР»РѕРЅСЃСЊРєРёР№
2,РђРІС‚РѕР·Р°РІРѕРґСЃСЊРєРёР№ ,РїСЂРѕРІСѓР»РѕРє,РћР±РѕР»РѕРЅСЃСЊРєРёР№
1,РђРІС‚РѕРїР°СЂРєРѕРІР°,РІСѓР»РёС†СЏ,Р”Р°СЂРЅРёС†СЊРєРёР№
2,РђРІС‚РѕСЂРµРјРѕРЅС‚РЅР°,РІСѓР»РёС†СЏ,РЎРѕР»РѕРј'СЏРЅСЃСЊРєРёР№
1,РђРІС‚РѕС‚СЂР°РЅСЃРїРѕСЂС‚РЅР°,РІСѓР»РёС†СЏ,Р”Р°СЂРЅРёС†СЊРєРёР№
2,РђРіС–С‚Р°С‚РѕСЂСЃСЊРєР°,РІСѓР»РёС†СЏ,РЎРѕР»РѕРј'СЏРЅСЃСЊРєРёР№
2,РђРіСЂРµРіР°С‚РЅР°,РІСѓР»РёС†СЏ,РћР±РѕР»РѕРЅСЃСЊРєРёР№
2,РђРµСЂРѕРґСЂРѕРјРЅР°,РІСѓР»РёС†СЏ,РЎРѕР»РѕРј'СЏРЅСЃСЊРєРёР№
1,РђР·РµСЂР±Р°Р№РґР¶Р°РЅСЃСЊРєР°,РІСѓР»РёС†СЏ,Р”РЅС–РїСЂРѕРІСЃСЊРєРёР№
3,РђР·РѕРІСЃСЊРєР°,РІСѓР»РёС†СЏ,РЎРѕР»РѕРј'СЏРЅСЃСЊРєРёР№
3,РђР№РІР°Р·РѕРІСЃСЊРєРѕРіРѕ,РїСЂРѕРІСѓР»РѕРє,РЁРµРІС‡РµРЅРєС–РІСЃСЊРєРёР№
2,РђРєР°РґРµРјС–РєР° Р„С„СЂРµРјРѕРІР°,РІСѓР»РёС†СЏ,РЎРІСЏС‚РѕС€РёРЅСЃСЊРєРёР№
3,РђРєР°РґРµРјС–РєР° РћРїРїРѕРєРѕРІР°,РІСѓР»РёС†СЏ,РћР±РѕР»РѕРЅСЃСЊРєРёР№
2,РђРєР°РґРµРјС–РєР° Р РѕРјРѕРґР°РЅРѕРІР°,РІСѓР»РёС†СЏ,РЁРµРІС‡РµРЅРєС–РІСЃСЊРєРёР№
1,РђРєР°РґРµРјС–РєР° РўСЂРѕРЅСЊРєР°,РІСѓР»РёС†СЏ,Р“РѕР»РѕСЃС–С—РІСЃСЊРєРёР№
3,РђРєР°С†С–С”РІРёР№,РїСЂРѕРІСѓР»РѕРє,Р”Р°СЂРЅРёС†СЊРєРёР№
4,РђР»РµРєСЃСѓС…С–РЅР° Р’Р°СЃРёР»СЏ,РІСѓР»РёС†СЏ,РЎРІСЏС‚РѕС€РёРЅСЃСЊРєРёР№
2,РђР»Р»Рё Р“РѕСЂСЃСЊРєРѕС—,РїСЂРѕРІСѓР»РѕРє,РЁРµРІС‡РµРЅРєС–РІСЃСЊРєРёР№
2,РђР»РјР°С‚РёРЅСЃСЊРєР°,РІСѓР»РёС†СЏ,Р”РЅС–РїСЂРѕРІСЃСЊРєРёР№
3,РђР»СЏР±'С”РІР°,РІСѓР»РёС†СЏ,РћР±РѕР»РѕРЅСЃСЊРєРёР№
5,РђРјР°РЅРґР° РЎС‚СЂСѓРІРµ,РІСѓР»РёС†СЏ,РћР±РѕР»РѕРЅСЃСЊРєРёР№
2,РђРјС–РЅРё РћРєСѓС”РІРѕС— ,РІСѓР»РёС†СЏ,РЁРµРІС‡РµРЅРєС–РІСЃСЊРєРёР№
2,РђРјРѕСЃРѕРІР° РњРёРєРѕР»Рё,РІСѓР»РёС†СЏ,РЎРѕР»РѕРј'СЏРЅСЃСЊРєРёР№
3,РђРјСѓСЂСЃСЊРєР°,РІСѓР»РёС†СЏ,Р“РѕР»РѕСЃС–С—РІСЃСЊРєРёР№
3,РђРјСѓСЂСЃСЊРєР°,РїР»РѕС‰Р°,Р“РѕР»РѕСЃС–С—РІСЃСЊРєРёР№
3,РђРЅР°РЅР°СЃРЅР°,РІСѓР»РёС†СЏ,РџРѕРґС–Р»СЊСЃСЊРєРёР№
2,РђРЅР°С‚РѕР»С–С—РІСЃСЊРєР°,РІСѓР»РёС†СЏ,Р”РµСЃРЅСЏРЅСЃСЊРєРёР№
2,РђРЅР°С‚РѕР»С–СЏ РљРµРЅС‚С–СЏ,РІСѓР»РёС†СЏ,Р“РѕР»РѕСЃС–С—РІСЃСЊРєРёР№
2,РђРЅР°С‚РѕР»С–СЏ Р›СѓРїРёРЅРѕСЃР°,РІСѓР»РёС†СЏ,РЎРѕР»РѕРјвЂ™СЏРЅСЃСЊРєРёР№
1,РђРЅР°С‚РѕР»С–СЏ РЎРѕР»РѕРІ'СЏРЅРµРЅРєР°,РІСѓР»РёС†СЏ,Р”РЅС–РїСЂРѕРІСЃСЊРєРёР№
3,РђРЅРґСЂС–С—РІСЃСЊРєР°,РІСѓР»РёС†СЏ,РџРѕРґС–Р»СЊСЃСЊРєРёР№
3,РђРЅРґСЂС–С—РІСЃСЊРєРёР№ ,СѓР·РІС–Р·,РџРѕРґС–Р»СЊСЃСЊРєРёР№
3,РђРЅРґСЂС–СЏ РђР±РѕР»РјР°СЃРѕРІР° ,РІСѓР»РёС†СЏ,Р”РЅС–РїСЂРѕРІСЃСЊРєРёР№
2,РђРЅРґСЂС–СЏ РљРёР·РёР»Р°,РІСѓР»РёС†СЏ,Р”Р°СЂРЅРёС†СЊРєРёР№
3,РђРЅРґСЂС–СЏ РњРµР»РµРЅСЃСЊРєРѕРіРѕ,РІСѓР»РёС†СЏ,Р“РѕР»РѕСЃС–С—РІСЃСЊРєРёР№
1,РђРЅРґСЂС–СЏ РќС–РєРѕРІСЃСЊРєРѕРіРѕ,РІСѓР»РёС†СЏ,Р“РѕР»РѕСЃС–С—РІСЃСЊРєРёР№
4,РђРЅРґСЂС–СЏ РџРµСЂРІРѕР·РІР°РЅРЅРѕРіРѕ,РїР»РѕС‰Р°,РџРµС‡РµСЂСЃСЊРєРёР№
3,РђРЅРґСЂСЋС‰РµРЅРєР° Р“СЂРёРіРѕСЂС–СЏ,РІСѓР»РёС†СЏ,РЁРµРІС‡РµРЅРєС–РІСЃСЊРєРёР№
2,РђРЅРєР°СЂРё,РїР»РѕС‰Р°,Р”РµСЃРЅСЏРЅСЃСЊРєРёР№
3,РђРЅРЅРё РЇСЂРѕСЃР»Р°РІРЅРё,РІСѓР»РёС†СЏ,РЎРІСЏС‚РѕС€РёРЅСЃСЊРєРёР№
2,РђРЅС‚С–РЅР° Р–РґР°РЅРѕРІРёС‡Р°,РІСѓР»РёС†СЏ,РЎРѕР»РѕРј'СЏРЅСЃСЊРєРёР№
3,РђРЅС‚РѕРЅР° Р¦РµРґС–РєР°,РІСѓР»РёС†СЏ,РЁРµРІС‡РµРЅРєС–РІСЃСЊРєРёР№
2,РђРЅС‚РѕРЅРµРЅРєР°-Р”Р°РІРёРґРѕРІРёС‡Р° Р‘РѕСЂРёСЃР°,РІСѓР»РёС†СЏ,Р”Р°СЂРЅРёС†СЊРєРёР№
3,РђРЅС‚РѕРЅС– РќРѕРІРѕСЃРµР»СЊСЃСЊРєРѕРіРѕ,РІСѓР»РёС†СЏ,РЎРІСЏС‚РѕС€РёРЅСЃСЊРєРёР№
1,РђРЅС‚РѕРЅРѕРІР° РђРІС–Р°РєРѕРЅСЃС‚СЂСѓРєС‚РѕСЂР°,РІСѓР»РёС†СЏ,РЎРѕР»РѕРј'СЏРЅСЃСЊРєРёР№
1,РђРЅС‚РѕРЅРѕРІРёС‡Р°,РІСѓР»РёС†СЏ,"Р“РѕР»РѕСЃС–С—РІСЃСЊРєРёР№, РџРµС‡РµСЂСЃСЊРєРёР№"
2,РђСЂРµС„'С”РІР° РљРѕСЃС‚СЏРЅС‚РёРЅР°,РІСѓР»РёС†СЏ,Р”Р°СЂРЅРёС†СЊРєРёР№
3,РђСЂРєР°СЃС–РІСЃСЊРєР°,РІСѓР»РёС†СЏ,РћР±РѕР»РѕРЅСЃСЊРєРёР№
3,РђСЂРјС–Р№СЃСЊРєР° ,РІСѓР»РёС†СЏ,Р“РѕР»РѕСЃС–С—РІСЃСЊРєРёР№
2,РђСЂСЃРµРЅР°Р»СЊРЅР° ,РїР»РѕС‰Р°,РџРµС‡РµСЂСЃСЊРєРёР№
2,РђСЂСЃРµРЅР°Р»СЊРЅР° ,РІСѓР»РёС†СЏ,РџРµС‡РµСЂСЃСЊРєРёР№
2,РђСЂСЃРµРЅР°Р»СЊРЅРёР№,РїСЂРѕРІСѓР»РѕРє,РџРµС‡РµСЂСЃСЊРєРёР№
1,РђСЂС‚РµР·С–Р°РЅСЃСЊРєРёР№,РїСЂРѕРІСѓР»РѕРє,РџРѕРґС–Р»СЊСЃСЊРєРёР№
1,РђСЂС‚РµРјС–СЏ Р’РµРґРµР»СЏ,РІСѓР»РёС†СЏ,Р“РѕР»РѕСЃС–С—РІСЃСЊРєРёР№
3,РђСЂС‚РёР»РµСЂС–Р№СЃСЊРєРёР№,РїСЂРѕРІСѓР»РѕРє,РЁРµРІС‡РµРЅРєС–РІСЃСЊРєРёР№
3,РђСЂС…РёРїР° Р›СЋР»СЊРєРё,РІСѓР»РёС†СЏ,РЎРѕР»РѕРјвЂ™СЏРЅСЃСЊРєРёР№
3,РђСЂС…РёРїРµРЅРєР° РћР»РµРєСЃР°РЅРґСЂР°,РІСѓР»РёС†СЏ,РћР±РѕР»РѕРЅСЃСЊРєРёР№
3,РђСЂС…С–С‚РµРєС‚РѕСЂР° Р”СЏС‡РµРЅРєР°,РІСѓР»РёС†СЏ,Р“РѕР»РѕСЃС–С—РІСЃСЊРєРёР№
1,РђСЂС…С–С‚РµРєС‚РѕСЂР° РљРѕР±РµР»С”РІР°,РІСѓР»РёС†СЏ,РЎРѕР»РѕРј'СЏРЅСЃСЊРєРёР№
2,РђСЂС…С–С‚РµРєС‚РѕСЂСЃСЊРєР°,РІСѓР»РёС†СЏ,РЎРѕР»РѕРј'СЏРЅСЃСЊРєРёР№
1,РђСЃРєРѕР»СЊРґС–РІ,РїСЂРѕРІСѓР»РѕРє,РџРµС‡РµСЂСЃСЊРєРёР№
2,РђСЃС‚СЂР°С…Р°РЅСЃСЊРєР°,РІСѓР»РёС†СЏ,Р”РЅС–РїСЂРѕРІСЃСЊРєРёР№
2,РђСЃС‚СЂР°С…Р°РЅСЃСЊРєРёР№,РїСЂРѕРІСѓР»РѕРє,Р”РЅС–РїСЂРѕРІСЃСЊРєРёР№
3,РђСЃС‚СЂРѕРЅРѕРјС–С‡РЅР°,РІСѓР»РёС†СЏ,РЎРІСЏС‚РѕС€РёРЅСЃСЊРєРёР№
3,РђС‚РµРЅРё РџР°С€РєРѕ,РІСѓР»РёС†СЏ,Р“РѕР»РѕСЃС–С—РІСЃСЊРєРёР№
2,РђС‚С‚РёР»Рё РњРѕРіРёР»СЊРЅРѕРіРѕ,РІСѓР»РёС†СЏ,РЎРѕР»РѕРјвЂ™СЏРЅСЃСЊРєРёР№
2,РђС…РјР°С‚РѕРІРѕС— РђРЅРЅРё,РІСѓР»РёС†СЏ,Р”Р°СЂРЅРёС†СЊРєРёР№
3,Р‘Р°Р±СѓС€РєС–РЅР°,РїСЂРѕРІСѓР»РѕРє,РЁРµРІС‡РµРЅРєС–РІСЃСЊРєРёР№
1,Р‘Р°РіРіРѕРІСѓС‚С–РІСЃСЊРєР°,РІСѓР»РёС†СЏ,РЁРµРІС‡РµРЅРєС–РІСЃСЊРєРёР№
1,Р‘Р°РіСЂР°С‚С–РѕРЅР°,РІСѓР»РёС†СЏ,РЎРѕР»РѕРј'СЏРЅСЃСЊРєРёР№
2,Р‘Р°РіСЂСЏРЅР° Р”СѓР±СЂРѕРІР°,РІСѓР»РёС†СЏ,Р“РѕР»РѕСЃС–С—РІСЃСЊРєРёР№
3,Р‘Р°РіСЂСЏРЅРѕРіРѕ Р†РІР°РЅР°,РІСѓР»РёС†СЏ,Р”РЅС–РїСЂРѕРІСЃСЊРєРёР№
3,Р‘Р°Р¶Р°РЅР° РњРёРєРѕР»Рё,РїСЂРѕСЃРїРµРєС‚,Р”Р°СЂРЅРёС†СЊРєРёР№
2,Р‘Р°Р¶РѕРІР°,РІСѓР»РёС†СЏ,Р”РЅС–РїСЂРѕРІСЃСЊРєРёР№
2,Р‘Р°Р№РєР°Р»СЊСЃСЊРєР°,РІСѓР»РёС†СЏ,Р“РѕР»РѕСЃС–С—РІСЃСЊРєРёР№
2,Р‘Р°Р№РєРѕРІР°,РІСѓР»РёС†СЏ,Р“РѕР»РѕСЃС–С—РІСЃСЊРєРёР№
1,Р‘Р°РєРёРЅСЃСЊРєР°,РІСѓР»РёС†СЏ,РЁРµРІС‡РµРЅРєС–РІСЃСЊРєРёР№
1,Р‘Р°РєРёРЅСЃСЊРєРёР№,РїСЂРѕРІСѓР»РѕРє,РЁРµРІС‡РµРЅРєС–РІСЃСЊРєРёР№
3,Р‘Р°РєР»Р°Р¶Р°РЅРЅР°,РІСѓР»РёС†СЏ,РџРѕРґС–Р»СЊСЃСЊРєРёР№
3,Р‘Р°РєСѓРЅС–РЅР°,РІСѓР»РёС†СЏ,РЎРѕР»РѕРј'СЏРЅСЃСЊРєРёР№
3,Р‘Р°Р»Р°РєС–СЂРµРІР°,РІСѓР»РёС†СЏ,Р“РѕР»РѕСЃС–С—РІСЃСЊРєРёР№
3,Р‘Р°Р»Р°РєР»С–С”РІСЃСЊРєР°,РІСѓР»РёС†СЏ,РЁРµРІС‡РµРЅРєС–РІСЃСЊРєРёР№
1,Р‘Р°Р»С‚С–Р№СЃСЊРєРёР№,РїСЂРѕРІСѓР»РѕРє,РћР±РѕР»РѕРЅСЃСЊРєРёР№
2,Р‘Р°Р»СЊР·Р°РєР° РћРЅРѕСЂРµ РґРµ,РІСѓР»РёС†СЏ,Р”РµСЃРЅСЏРЅСЃСЊРєРёР№
1,Р‘Р°РЅРєРѕРІР°,РІСѓР»РёС†СЏ,РџРµС‡РµСЂСЃСЊРєРёР№
2,Р‘Р°СЂРµРЅР±РѕР№РјР°,РІСѓР»РёС†СЏ,Р“РѕР»РѕСЃС–С—РІСЃСЊРєРёР№
2,Р‘Р°СЂРёРєР°РґРЅР°,РІСѓР»РёС†СЏ,Р“РѕР»РѕСЃС–С—РІСЃСЊРєРёР№
3,Р‘Р°СЂРёС€С–РІСЃСЊРєР°,РІСѓР»РёС†СЏ,РџРµС‡РµСЂСЃСЊРєРёР№
3,Р‘Р°СЃРµР№РЅР°,РІСѓР»РёС†СЏ,"РџРµС‡РµСЂСЃСЊРєРёР№, РЁРµРІС‡РµРЅРєС–РІСЃСЊРєРёР№"
2,Р‘Р°СЃС‚С–РѕРЅРЅР°,РІСѓР»РёС†СЏ,РџРµС‡РµСЂСЃСЊРєРёР№
3,Р‘Р°СЃС‚С–РѕРЅРЅРёР№,РїСЂРѕРІСѓР»РѕРє,РџРµС‡РµСЂСЃСЊРєРёР№
3,Р‘Р°С‚СѓРјСЃСЊРєР°,РІСѓР»РёС†СЏ,Р“РѕР»РѕСЃС–С—РІСЃСЊРєРёР№
4,Р‘Р°С‚СѓСЂРёРЅСЃСЊРєР°,РІСѓР»РёС†СЏ,Р”Р°СЂРЅРёС†СЊРєРёР№
3,Р‘Р°С‚СѓСЂРёРЅСЃСЊРєРёР№  ,РїСЂРѕРІСѓР»РѕРє,Р”Р°СЂРЅРёС†СЊРєРёР№
1,Р‘Р°С…Р° РђРєР°РґРµРјС–РєР° ,РІСѓР»РёС†СЏ,Р”РЅС–РїСЂРѕРІСЃСЊРєРёР№
2,Р‘Р°С…РјР°С†СЊРєР°,РІСѓР»РёС†СЏ,РЎРІСЏС‚РѕС€РёРЅСЃСЊРєРёР№
3,Р‘РґР¶РѕР»РёРЅРёР№,РїСЂРѕРІСѓР»РѕРє,Р”Р°СЂРЅРёС†СЊРєРёР№
5,Р‘РµР·СЂСѓС‡РєР° РњР°СЂРєР°,РІСѓР»РёС†СЏ,РЁРµРІС‡РµРЅРєС–РІСЃСЊРєРёР№
1,Р‘РµСЂРґРёС‡С–РІСЃСЊРєР°,РІСѓР»РёС†СЏ,РЁРµРІС‡РµРЅРєС–РІСЃСЊРєРёР№
1,Р‘РµСЂРґСЏРЅСЃСЊРєР°,РІСѓР»РёС†СЏ,РЁРµРІС‡РµРЅРєС–РІСЃСЊРєРёР№
2,Р‘РµСЂРґСЏРЅСЃСЊРєРёР№,РїСЂРѕРІСѓР»РѕРє,РЁРµРІС‡РµРЅРєС–РІСЃСЊРєРёР№
2,Р‘РµСЂРµРіРѕРІР°,РІСѓР»РёС†СЏ,Р”РµСЃРЅСЏРЅСЃСЊРєРёР№
2,Р‘РµСЂРµР¶Р°РЅСЃСЊРєР°,РІСѓР»РёС†СЏ,РћР±РѕР»РѕРЅСЃСЊРєРёР№
3,Р‘РµСЂРµР·РЅРµРІР°,РІСѓР»РёС†СЏ,Р”РЅС–РїСЂРѕРІСЃСЊРєРёР№
2,Р‘РµСЂРµР·РЅРµРІР°,РІСѓР»РёС†СЏ,Р”Р°СЂРЅРёС†СЊРєРёР№
2,Р‘РµСЂРµР·РЅРµРІРёР№,РїСЂРѕРІСѓР»РѕРє,Р”Р°СЂРЅРёС†СЊРєРёР№
1,Р‘РµСЂРµР·РЅРµРІРёР№ 3,РїСЂРѕРІСѓР»РѕРє,Р”Р°СЂРЅРёС†СЊРєРёР№
3,Р‘РµСЂРµР·РЅСЏРєС–РІСЃСЊРєР°,РІСѓР»РёС†СЏ,Р”РЅС–РїСЂРѕРІСЃСЊРєРёР№
2,Р‘РµСЂРµР·РѕРІР°,РІСѓР»РёС†СЏ,РЎРѕР»РѕРј'СЏРЅСЃСЊРєРёР№
1,Р‘РµСЂРµСЃС‚РµС†СЊРєР°,РІСѓР»РёС†СЏ,РћР±РѕР»РѕРЅСЃСЊРєРёР№
3,Р‘РµСЂРµС‚С‚С– Р’С–РєРµРЅС‚С–СЏ,РІСѓР»РёС†СЏ,Р”РµСЃРЅСЏРЅСЃСЊРєРёР№
1,Р‘РµСЂС–Р·РѕРЅСЊРєРё (РћР·РµСЂРЅР° 14),РІСѓР»РёС†СЏ,Р”Р°СЂРЅРёС†СЊРєРёР№
3,Р‘РµСЂРєРѕРІРµС†СЊРєР°,РІСѓР»РёС†СЏ,РЎРІСЏС‚РѕС€РёРЅСЃСЊРєРёР№
1,Р‘РµСЂР»С–РЅСЃСЊРєРѕРіРѕ РњР°РєСЃРёРјР°,РІСѓР»РёС†СЏ,РЁРµРІС‡РµРЅРєС–РІСЃСЊРєРёР№
2,Р‘РµСЃСЃР°СЂР°Р±СЃСЊРєР°,РїР»РѕС‰Р°,РЁРµРІС‡РµРЅРєС–РІСЃСЊРєРёР№
2,Р‘РµСЃС‚СѓР¶РµРІР° РћР»РµРєСЃР°РЅРґСЂР°,РїСЂРѕРІСѓР»РѕРє,РџРѕРґС–Р»СЊСЃСЊРєРёР№
3,Р‘РµСЃС‚СѓР¶РµРІР° РћР»РµРєСЃР°РЅРґСЂР°,РІСѓР»РёС†СЏ,РџРѕРґС–Р»СЊСЃСЊРєРёР№
1,Р‘РµС‚С…РѕРІРµРЅР°,РІСѓР»РёС†СЏ,РЎРІСЏС‚РѕС€РёРЅСЃСЊРєРёР№
3,Р‘РµС…С‚РµСЂС–РІСЃСЊРєРёР№,РїСЂРѕРІСѓР»РѕРє,РЁРµРІС‡РµРЅРєС–РІСЃСЊРєРёР№
3,Р‘РёРєС–РІРЅСЏРЅСЃСЊРєР°,РІСѓР»РёС†СЏ,Р”РµСЃРЅСЏРЅСЃСЊРєРёР№
2,Р‘РёРєС–РІРЅСЏРЅСЃСЊРєРёР№,РїСЂРѕРІСѓР»РѕРє,Р”РµСЃРЅСЏРЅСЃСЊРєРёР№
2,Р‘РёРєС–РІСЃСЊРєРёР№,РїСЂРѕРІСѓР»РѕРє,РџРѕРґС–Р»СЊСЃСЊРєРёР№
2,Р‘РёРєРѕРІР° Р›РµРѕРЅС–РґР°,Р±СѓР»СЊРІР°СЂ,Р”РµСЃРЅСЏРЅСЃСЊРєРёР№
1,Р‘РёС€С–РІСЃСЊРєРёР№,РїСЂРѕРІСѓР»РѕРє,Р”РЅС–РїСЂРѕРІСЃСЊРєРёР№
3,Р‘С–РіРѕРІР° ,РІСѓР»РёС†СЏ,Р”РµСЃРЅСЏРЅСЃСЊРєРёР№
1,Р‘С–Р»Р°С€Р° РћР»РµРєСЃР°РЅРґСЂР°,РІСѓР»РёС†СЏ,Р”РµСЃРЅСЏРЅСЃСЊРєРёР№
1,Р‘С–Р»РіРѕСЂРѕРґСЃСЊРєР°,РІСѓР»РёС†СЏ,РЎРѕР»РѕРј'СЏРЅСЃСЊРєРёР№
3,Р‘С–Р»РµС†СЊРєРѕРіРѕ РђРєР°РґРµРјС–РєР°,РІСѓР»РёС†СЏ,РЎРѕР»РѕРј'СЏРЅСЃСЊРєРёР№
3,Р‘С–Р»РёС†СЊРєР°,РІСѓР»РёС†СЏ,РџРѕРґС–Р»СЊСЃСЊРєРёР№
2,Р‘С–Р»РёС†СЊРєРёР№,РїСЂРѕРІСѓР»РѕРє,РџРѕРґС–Р»СЊСЃСЊРєРёР№
2,Р‘С–Р»РёС‡Р°РЅСЃСЊРєР°,РІСѓР»РёС†СЏ,РЎРІСЏС‚РѕС€РёРЅСЃСЊРєРёР№
3,Р‘С–Р»РѕРіРѕСЂРѕРґСЃСЊРєР°,РІСѓР»РёС†СЏ,РЎРІСЏС‚РѕС€РёРЅСЃСЊРєРёР№
2,Р‘С–Р»РѕРєСѓСЂ РљР°С‚РµСЂРёРЅРё,РІСѓР»РёС†СЏ,РџРµС‡РµСЂСЃСЊРєРёР№
2,Р‘С–Р»РѕРјРѕСЂСЃСЊРєР°,РІСѓР»РёС†СЏ,Р”РµСЃРЅСЏРЅСЃСЊРєРёР№
5,Р‘С–Р»РѕСЂСѓСЃСЊРєР°,РІСѓР»РёС†СЏ,РЁРµРІС‡РµРЅРєС–РІСЃСЊРєРёР№
3,Р‘С–Р»СЏС€С–РІСЃСЊРєРѕРіРѕ РђРєР°РґРµРјС–РєР°,РІСѓР»РёС†СЏ,РЎРІСЏС‚РѕС€РёРЅСЃСЊРєРёР№
2,Р‘С–СЂСЋР·РѕРІР° РњР°СЂС€Р°Р»Р°,РІСѓР»РёС†СЏ,РЎРІСЏС‚РѕС€РёРЅСЃСЊРєРёР№
1,Р‘Р»Р°РєРёС‚РЅРѕРіРѕ,РІСѓР»РёС†СЏ,Р“РѕР»РѕСЃС–С—РІСЃСЊРєРёР№
1,Р‘Р»РѕРєР° РћР»РµРєСЃР°РЅРґСЂР°,РІСѓР»РёС†СЏ,РЎРІСЏС‚РѕС€РёРЅСЃСЊРєРёР№
3,Р‘РѕР±СЂРёРЅРµС†СЊРєР°,РІСѓР»РёС†СЏ,Р”РµСЃРЅСЏРЅСЃСЊРєРёР№
3,Р‘РѕР±СЂРёРЅРµС†СЊРєРёР№,РїСЂРѕРІСѓР»РѕРє,Р”РµСЃРЅСЏРЅСЃСЊРєРёР№
3,Р‘РѕР±СЂСѓР№СЃСЊРєРёР№,РїСЂРѕРІСѓР»РѕРє,РџРѕРґС–Р»СЊСЃСЊРєРёР№
2,Р‘РѕРіР°С‚РёСЂСЃСЊРєР°,РІСѓР»РёС†СЏ,РћР±РѕР»РѕРЅСЃСЊРєРёР№
3,Р‘РѕРіР°С‚РёСЂСЃСЊРєРёР№,РїСЂРѕС—Р·Рґ,РћР±РѕР»РѕРЅСЃСЊРєРёР№
2,Р‘РѕРіРґР°РЅР° Р“Р°РІСЂРёР»РёС€РёРЅР°,РІСѓР»РёС†СЏ,РЁРµРІС‡РµРЅРєС–РІСЃСЊРєРёР№
1,Р‘РѕРіРґР°РЅС–РІСЃСЊРєР°,РІСѓР»РёС†СЏ,РЎРѕР»РѕРј'СЏРЅСЃСЊРєРёР№
2,Р‘РѕРіРґР°РЅС–РІСЃСЊРєРёР№,РїСЂРѕРІСѓР»РѕРє,РЎРѕР»РѕРј'СЏРЅСЃСЊРєРёР№
4,Р‘РѕРіРѕРјРѕР»СЊС†СЏ РђРєР°РґРµРјС–РєР°,РІСѓР»РёС†СЏ,РџРµС‡РµСЂСЃСЊРєРёР№
2,Р‘РѕРіСѓРЅР° Р†РІР°РЅР°,РІСѓР»РёС†СЏ,Р”Р°СЂРЅРёС†СЊРєРёР№
3,Р‘РѕРіСѓРЅСЃСЊРєР°,РІСѓР»РёС†СЏ,Р“РѕР»РѕСЃС–С—РІСЃСЊРєРёР№
5,Р‘РѕРіСѓРЅСЃСЊРєРёР№,РїСЂРѕРІСѓР»РѕРє,Р“РѕР»РѕСЃС–С—РІСЃСЊРєРёР№
3,Р‘РѕРіСѓСЃР»Р°РІСЃСЊРєРёР№,СѓР·РІС–Р·,РџРѕРґС–Р»СЊСЃСЊРєРёР№
4,Р‘РѕРіСѓС€РµРІСЃСЊРєРёР№,РїСЂРѕРІСѓР»РѕРє,Р”РµСЃРЅСЏРЅСЃСЊРєРёР№
2,Р‘РѕР¶РєС–РІ РЇСЂ,РІСѓР»РёС†СЏ,РЎРѕР»РѕРј'СЏРЅСЃСЊРєРёР№
6,Р‘РѕР№РєР° Р†РІР°РЅР°,РІСѓР»РёС†СЏ,Р”Р°СЂРЅРёС†СЊРєРёР№
3,Р‘РѕР№РѕРІР°,РІСѓР»РёС†СЏ,Р“РѕР»РѕСЃС–С—РІСЃСЊРєРёР№
1,Р‘РѕР№С‡СѓРєР° РњРёС…Р°Р№Р»Р°,РІСѓР»РёС†СЏ,РџРµС‡РµСЂСЃСЊРєРёР№
3,Р‘РѕР»Р±РѕС‡Р°РЅР° РџРµС‚СЂР°,РІСѓР»РёС†СЏ,РџРµС‡РµСЂСЃСЊРєРёР№
1,Р‘РѕР»СЃСѓРЅРѕРІСЃСЊРєР°,РІСѓР»РёС†СЏ,РџРµС‡РµСЂСЃСЊРєРёР№
1,Р‘РѕРЅРґР°СЂСЃСЊРєР°,РІСѓР»РёС†СЏ,РџРѕРґС–Р»СЊСЃСЊРєРёР№
2,Р‘РѕРЅРґР°СЂСЃСЊРєРёР№,РїСЂРѕРІСѓР»РѕРє,РџРѕРґС–Р»СЊСЃСЊРєРёР№
4,Р‘РѕСЂРёСЃР° РњР°С‚СЋС€РµРЅРєР°,РІСѓР»РёС†СЏ,Р“РѕР»РѕСЃС–С—РІСЃСЊРєРёР№
1,Р‘РѕСЂРёСЃР° РњРѕР·РѕР»РµРІСЃСЊРєРѕРіРѕ,РІСѓР»РёС†СЏ,Р“РѕР»РѕСЃС–С—РІСЃСЊРєРёР№
2,Р‘РѕСЂРёСЃР° РўРµРЅР°,РІСѓР»РёС†СЏ,Р“РѕР»РѕСЃС–С—РІСЃСЊРєРёР№
3,Р‘РѕСЂРёСЃР° РЁР°С…Р»С–РЅР°,РїСЂРѕРІСѓР»РѕРє,Р“РѕР»РѕСЃС–С—РІСЃСЊРєРёР№
1,Р‘РѕСЂРёСЃР»Р°РІСЃСЊРєР°,РІСѓР»РёС†СЏ,РЎРѕР»РѕРј'СЏРЅСЃСЊРєРёР№
1,Р‘РѕСЂРёСЃРѕРіР»С–Р±СЃСЊРєР°,РІСѓР»РёС†СЏ,РџРѕРґС–Р»СЊСЃСЊРєРёР№
3,Р‘РѕСЂРёСЃРїС–Р»СЊСЃСЊРєР°,РІСѓР»РёС†СЏ,Р”Р°СЂРЅРёС†СЊРєРёР№
1,Р‘РѕСЂРёСЃРїС–Р»СЊСЃСЊРєРµ,С€РѕСЃРµ,Р”Р°СЂРЅРёС†СЊРєРёР№
1,Р‘РѕСЂРёС‡С–РІ ,СѓР·РІС–Р·,РџРѕРґС–Р»СЊСЃСЊРєРёР№
2,Р‘РѕСЂРёС‡С–РІ РўС–Рє,РІСѓР»РёС†СЏ,РџРѕРґС–Р»СЊСЃСЊРєРёР№
2,Р‘РѕСЂРѕРІР°,РІСѓР»РёС†СЏ,Р”Р°СЂРЅРёС†СЊРєРёР№
1,Р‘РѕСЂРѕРІР°,РІСѓР»РёС†СЏ,Р”Р°СЂРЅРёС†СЊРєРёР№
3,Р‘РѕСЂРѕРІРёР№,РїСЂРѕРІСѓР»РѕРє,Р”Р°СЂРЅРёС†СЊРєРёР№
3,Р‘РѕСЂРѕРІРёР№,РїСЂРѕРІСѓР»РѕРє,Р”Р°СЂРЅРёС†СЊРєРёР№ (Р‘РѕСЂС‚РЅРёС‡С–)
4,Р‘РѕСЂРѕРІРёРєРѕРІСЃСЊРєРѕРіРѕ,РІСѓР»РёС†СЏ,РћР±РѕР»РѕРЅСЃСЊРєРёР№
3,Р‘РѕСЂРѕРІРёРЅСЃСЊРєР°,РІСѓР»РёС†СЏ,РџРѕРґС–Р»СЊСЃСЊРєРёР№
1,Р‘РѕСЂРѕРІРёС‡РµРЅРєРѕ РњР°СЂС–С—,РІСѓР»РёС†СЏ,Р“РѕР»РѕСЃС–С—РІСЃСЊРєРёР№
2,Р‘РѕСЂРѕРґСЏРЅСЃСЊРєРёР№ ,РїСЂРѕРІСѓР»РѕРє,РЎРІСЏС‚РѕС€РёРЅСЃСЊРєРёР№
2,Р‘РѕСЂС‚РЅРёС†СЊРєР°,РІСѓР»РёС†СЏ,Р”Р°СЂРЅРёС†СЊРєРёР№
1,Р‘РѕСЂС‚РЅРёС†СЊРєР°,РІСѓР»РёС†СЏ,Р”Р°СЂРЅРёС†СЊРєРёР№
2,Р‘РѕСЂС‚РЅРёС†СЊРєРёР№,РїСЂРѕРІСѓР»РѕРє,Р”Р°СЂРЅРёС†СЊРєРёР№
2,Р‘РѕСЂС‚РЅРёС†СЊРєРёР№ 1,РїСЂРѕРІСѓР»РѕРє,Р”Р°СЂРЅРёС†СЊРєРёР№
2,Р‘РѕСЂС‚РЅРёС†СЊРєРёР№ 2,РїСЂРѕРІСѓР»РѕРє,Р”Р°СЂРЅРёС†СЊРєРёР№
1,Р‘РѕСЂС‰Р°РіС–РІСЃСЊРєР°,РІСѓР»РёС†СЏ,"РЎРѕР»РѕРј'СЏРЅСЃСЊРєРёР№, РЁРµРІС‡РµРЅРєС–РІСЃСЊРєРёР№ "
2,Р‘РѕС‚Р°РЅС–С‡РЅР°,РїР»РѕС‰Р°,РЁРµРІС‡РµРЅРєС–РІСЃСЊРєРёР№
2,Р‘РѕС‚РєС–РЅР°,РІСѓР»РёС†СЏ,РЎРѕР»РѕРј'СЏРЅСЃСЊРєРёР№
1,Р‘СЂР°РЅРѕРІРёС†СЊРєРѕРіРѕ Р†РіРѕСЂСЏ,РІСѓР»РёС†СЏ,РџРµС‡РµСЂСЃСЊРєРёР№
1,Р‘СЂР°С‚РёСЃР»Р°РІСЃСЊРєР°,РІСѓР»РёС†СЏ,"Р”РµСЃРЅСЏРЅСЃСЊРєРёР№, Р”РЅС–РїСЂРѕРІСЃСЊРєРёР№"
2,Р‘СЂР°С‚С–РІ Р—РµСЂРѕРІРёС…,РІСѓР»РёС†СЏ,РЎРѕР»РѕРј'СЏРЅСЃСЊРєРёР№
3,Р‘СЂР°С‚С–РІ РЁРµРјРµС‚С–РІ,РІСѓР»РёС†СЏ,Р“РѕР»РѕСЃС–С—РІСЃСЊРєРёР№
2,Р‘СЂР°С‚СЃСЊРєР°,РІСѓР»РёС†СЏ,РџРѕРґС–Р»СЊСЃСЊРєРёР№
3,Р‘СЂР°С†Р»Р°РІСЃСЊРєР°,РІСѓР»РёС†СЏ,Р”Р°СЂРЅРёС†СЊРєРёР№
1,Р‘СЂРµСЃС‚-Р›РёС‚РѕРІСЃСЊРєРёР№,РїСЂРѕРІСѓР»РѕРє,РЁРµРІС‡РµРЅРєС–РІСЃСЊРєРёР№
1,Р‘СЂРµСЃС‚СЃСЊРєР°,РІСѓР»РёС†СЏ,РџРѕРґС–Р»СЊСЃСЊРєРёР№
1,Р‘СЂРѕРІР°СЂСЃСЊРєРёР№,РїСЂРѕРІСѓР»РѕРє,Р”РµСЃРЅСЏРЅСЃСЊРєРёР№
4,Р‘СЂРѕРІР°СЂСЃСЊРєРёР№,РїСЂРѕСЃРїРµРєС‚,"Р”РµСЃРЅСЏРЅСЃСЊРєРёР№, Р”РЅС–РїСЂРѕРІСЃСЊРєРёР№"
5,Р‘СЂРѕРґС–РІСЃСЊРєР°,РІСѓР»РёС†СЏ,Р“РѕР»РѕСЃС–С—РІСЃСЊРєРёР№
3,Р‘СЂРѕРґС–РІСЃСЊРєРёР№,РїСЂРѕРІСѓР»РѕРє,Р“РѕР»РѕСЃС–С—РІСЃСЊРєРёР№
2,Р‘СЂСѓСЃРёР»С–РІСЃСЊРєР°,РІСѓР»РёС†СЏ,РЎРІСЏС‚РѕС€РёРЅСЃСЊРєРёР№
2,Р‘СЂСЋР»РѕРІР°,РІСѓР»РёС†СЏ,РЎРѕР»РѕРј'СЏРЅСЃСЊРєРёР№
4,Р‘СЂСЋСЃРѕРІР°,РІСѓР»РёС†СЏ,РџРѕРґС–Р»СЊСЃСЊРєРёР№
2,Р‘СЂСЏРЅСЃСЊРєР°,РІСѓР»РёС†СЏ,РЎРѕР»РѕРј'СЏРЅСЃСЊРєРёР№
3,Р‘СѓРіРѕСЂРЅР° ,РІСѓР»РёС†СЏ,РЁРµРІС‡РµРЅРєС–РІСЃСЊРєРёР№
5,Р‘СѓРіРѕСЂРЅРёР№,РїСЂРѕРІСѓР»РѕРє,РЁРµРІС‡РµРЅРєС–РІСЃСЊРєРёР№
3,Р‘СѓРґР°СЂС–РЅР°,РІСѓР»РёС†СЏ,РЎРІСЏС‚РѕС€РёРЅСЃСЊРєРёР№
3,Р‘СѓРґРёС‰Р°РЅСЃСЊРєР°,РІСѓР»РёС†СЏ,Р”РµСЃРЅСЏРЅСЃСЊРєРёР№
4,Р‘СѓРґС–РІРµР»СЊРЅРёРєС–РІ,РїСЂРѕРІСѓР»РѕРє,Р”РЅС–РїСЂРѕРІСЃСЊРєРёР№
1,Р‘СѓРґС–РІРµР»СЊРЅРёРєС–РІ,РІСѓР»РёС†СЏ,Р”РЅС–РїСЂРѕРІСЃСЊРєРёР№
0,Р‘СѓРґС–РІРµР»СЊРЅРёРєС–РІ,РІСѓР»РёС†СЏ,Р”РµСЃРЅСЏРЅСЃСЊРєРёР№
3,Р‘СѓРґС–РІРµР»СЊРЅРёРєС–РІ,РїСЂРѕРІСѓР»РѕРє,РЎРІСЏС‚РѕС€РёРЅСЃСЊРєРёР№
3,Р‘СѓРґС–РЅРґСѓСЃС‚СЂС–С—,РІСѓР»РёС†СЏ,Р“РѕР»РѕСЃС–С—РІСЃСЊРєРёР№
4,Р‘СѓР·РёРЅРѕРІР°,РІСѓР»РёС†СЏ,Р”Р°СЂРЅРёС†СЊРєРёР№
2,Р‘СѓР№РєР° РџСЂРѕС„РµСЃРѕСЂР°,РІСѓР»РёС†СЏ,Р“РѕР»РѕСЃС–С—РІСЃСЊРєРёР№
3,Р‘СѓРєС–РЅРѕС— Р Р°С—СЃРё,РІСѓР»РёС†СЏ,РЎРІСЏС‚РѕС€РёРЅСЃСЊРєРёР№
3,Р‘СѓРєС–РЅРѕС— Р Р°С—СЃРё,РїСЂРѕРІСѓР»РѕРє,РЎРІСЏС‚РѕС€РёРЅСЃСЊРєРёР№
4,Р‘СѓРєРѕРІРёРЅСЃСЊРєР°,РІСѓР»РёС†СЏ,Р“РѕР»РѕСЃС–С—РІСЃСЊРєРёР№
1,Р‘СѓРєРѕРІРёРЅСЃСЊРєРёР№,РїСЂРѕРІСѓР»РѕРє,Р“РѕР»РѕСЃС–С—РІСЃСЊРєРёР№
3,Р‘СѓР»Р°С…РѕРІСЃСЊРєРѕРіРѕ РђРєР°РґРµРјС–РєР°,РІСѓР»РёС†СЏ,РЎРІСЏС‚РѕС€РёРЅСЃСЊРєРёР№
1,Р‘СѓР»РіР°РєРѕРІР°,РІСѓР»РёС†СЏ,РЎРІСЏС‚РѕС€РёРЅСЃСЊРєРёР№
2,Р‘СѓР»СЊРІР°СЂРЅРѕ-РљСѓРґСЂСЏРІСЃСЊРєР°,РІСѓР»РёС†СЏ,РЁРµРІС‡РµРЅРєС–РІСЃСЊРєРёР№
3,Р‘СѓСЂРґРµРЅРєР°,РїСЂРѕРІСѓР»РѕРє,РџРѕРґС–Р»СЊСЃСЊРєРёР№
6,Р‘СѓСЂРјРёСЃС‚РµРЅРєР°,РІСѓР»РёС†СЏ,Р“РѕР»РѕСЃС–С—РІСЃСЊРєРёР№
5,Р‘СѓСЂРјРёСЃС‚РµРЅРєР°,РїСЂРѕРІСѓР»РѕРє,Р“РѕР»РѕСЃС–С—РІСЃСЊРєРёР№
2,Р‘СѓСЃР»С–РІСЃСЊРєР°,РІСѓР»РёС†СЏ,РџРµС‡РµСЂСЃСЊРєРёР№
2,Р‘СѓС‚РёС€С–РІ,РїСЂРѕРІСѓР»РѕРє,РџРµС‡РµСЂСЃСЊРєРёР№
1,Р‘СѓС‚Р»РµСЂРѕРІР° РђРєР°РґРµРјС–РєР°,РІСѓР»РёС†СЏ,Р”РЅС–РїСЂРѕРІСЃСЊРєРёР№
1,Р‘СѓС‡Р°РЅСЃСЊРєР°,РІСѓР»РёС†СЏ,РЎРІСЏС‚РѕС€РёРЅСЃСЊРєРёР№
4,Р‘СѓС‡РјРё РђРјРІСЂРѕСЃС–СЏ,Р±СѓР»СЊРІР°СЂ,Р”РЅС–РїСЂРѕРІСЃСЊРєРёР№
3,Р’вЂ™СЏС‡РµСЃР»Р°РІР° Р›РёРїРёРЅСЃСЊРєРѕРіРѕ,РІСѓР»РёС†СЏ,РЁРµРІС‡РµРЅРєС–РІСЃСЊРєРёР№
2,Р’Р°РІС–Р»РѕРІРёС…,РІСѓР»РёС†СЏ,РЁРµРІС‡РµРЅРєС–РІСЃСЊРєРёР№
2,Р’Р°РєСѓР»РµРЅС‡СѓРєР°,РІСѓР»РёС†СЏ,Р”Р°СЂРЅРёС†СЊРєРёР№
3,Р’Р°РєСѓР»РµРЅС‡СѓРєР°,РїСЂРѕРІСѓР»РѕРє,Р”Р°СЂРЅРёС†СЊРєРёР№
2,Р’Р°Р»РµРЅС‚РёРЅР° РћС‚Р°РјР°РЅРѕРІСЃСЊРєРѕРіРѕ,РІСѓР»РёС†СЏ,Р“РѕР»РѕСЃС–С—РІСЃСЊРєРёР№
3,Р’Р°Р»РµСЂС–СЏ РњР°СЂС‡РµРЅРєР°,РїР»РѕС‰Р°,"РџРѕРґС–Р»СЊСЃСЊРєРёР№, РЁРµРІС‡РµРЅРєС–РІСЃСЊРєРёР№"
3,Р’Р°Р»РµСЂ'СЏРЅР° РџС–РґРјРѕРіРёР»СЊРЅРѕРіРѕ,РІСѓР»РёС†СЏ,Р“РѕР»РѕСЃС–С—РІСЃСЊРєРёР№
5,Р’Р°Р»РєС–РІСЃСЊРєР°,РІСѓР»РёС†СЏ,РџРѕРґС–Р»СЊСЃСЊРєРёР№
4,Р’Р°СЃРёР»РµРЅРєР° РњРёРєРѕР»Рё,РІСѓР»РёС†СЏ,РЎРѕР»РѕРј'СЏРЅСЃСЊРєРёР№
1,Р’Р°СЃРёР»С–РІСЃСЊРєР°,РІСѓР»РёС†СЏ,РЎРѕР»РѕРј'СЏРЅСЃСЊРєРёР№
1,Р’Р°СЃРёР»СЊРєС–РІСЃСЊРєР°,РІСѓР»РёС†СЏ,Р“РѕР»РѕСЃС–С—РІСЃСЊРєРёР№
3,Р’Р°СЃРёР»СЊРєС–РІСЃСЊРєРёР№,РїСЂРѕРІСѓР»РѕРє,Р“РѕР»РѕСЃС–С—РІСЃСЊРєРёР№
1,Р’Р°СЃРёР»СЊС‡РµРЅРєР°,РІСѓР»РёС†СЏ,РЎРѕР»РѕРј'СЏРЅСЃСЊРєРёР№
1,Р’Р°СЃРёР»СЏ Р‘Р°СЂРєРё,РІСѓР»РёС†СЏ,РЎРѕР»РѕРјвЂ™СЏРЅСЃСЊРєРёР№
3,Р’Р°СЃРёР»СЏ Р‘С–РґРЅРѕРІР°,РІСѓР»РёС†СЏ,Р”РµСЃРЅСЏРЅСЃСЊРєРёР№
2,Р’Р°СЃРёР»СЏ Р’РёС€РёРІР°РЅРѕРіРѕ,РІСѓР»РёС†СЏ,Р”РЅС–РїСЂРѕРІСЃСЊРєРёР№
3,Р’Р°СЃРёР»СЏ РњР°РєСѓС…Р°,РІСѓР»РёС†СЏ,РЁРµРІС‡РµРЅРєС–РІСЃСЊРєРёР№
4,Р’Р°СЃРёР»СЏ РЎРµРґР»СЏСЂР°,РІСѓР»РёС†СЏ,РЎРѕР»РѕРј'СЏРЅСЃСЊРєРёР№
2,Р’Р°СЃРёР»СЏ РўСЋС‚СЋРЅРЅРёРєР°,РІСѓР»РёС†СЏ,РџРµС‡РµСЂСЃСЊРєРёР№
3,Р’Р°СЃРёР»СЏ Р©Р°РІРёРЅСЃСЊРєРѕРіРѕ,РІСѓР»РёС†СЏ,Р”РµСЃРЅСЏРЅСЃСЊРєРёР№
5,Р’Р°СЃРЅРµС†РѕРІР°,РІСѓР»РёС†СЏ,Р”РЅС–РїСЂРѕРІСЃСЊРєРёР№
1,Р’Р°С‚СѓС‚С–РЅР°,РІСѓР»РёС†СЏ,РЎРѕР»РѕРј'СЏРЅСЃСЊРєРёР№
1,Р’Р°С‚СѓС‚С–РЅСЃСЊРєРёР№,РїСЂРѕРІСѓР»РѕРє,Р”РµСЃРЅСЏРЅСЃСЊРєРёР№
2,Р’Р°С‰РµРЅРєР° Р“СЂРёРіРѕСЂС–СЏ,РІСѓР»РёС†СЏ,Р”Р°СЂРЅРёС†СЊРєРёР№
5,Р’РІРµРґРµРЅСЃСЊРєР°,РІСѓР»РёС†СЏ,РџРѕРґС–Р»СЊСЃСЊРєРёР№
2,Р’РµР»РёРєР° Р’Р°СЃРёР»СЊРєС–РІСЃСЊРєР°,РІСѓР»РёС†СЏ,"Р“РѕР»РѕСЃС–С—РІСЃСЊРєРёР№, РЁРµРІС‡РµРЅРєС–РІСЃСЊРєРёР№, РџРµС‡РµСЂСЃСЊРєРёР№"
2,Р’РµР»РёРєР° Р–РёС‚РѕРјРёСЂСЃСЊРєР°,РІСѓР»РёС†СЏ,РЁРµРІС‡РµРЅРєС–РІСЃСЊРєРёР№
3,Р’РµР»РёРєР° РљРёС‚Р°С—РІСЃСЊРєР°,РІСѓР»РёС†СЏ,Р“РѕР»РѕСЃС–С—РІСЃСЊРєРёР№
0,Р’РµР»РёРєР° РљС–Р»СЊС†РµРІР°,РґРѕСЂРѕРіР°,РћР±РѕР»РѕРЅСЃСЊРєРёР№
1,Р’РµР»РёРєР° РћРєСЂСѓР¶РЅР°,РІСѓР»РёС†СЏ,РЎРІСЏС‚РѕС€РёРЅСЃСЊРєРёР№
3,Р’РµСЂР±РёС†СЊРєРѕРіРѕ РђСЂС…С–С‚РµРєС‚РѕСЂР°,РІСѓР»РёС†СЏ,Р”Р°СЂРЅРёС†СЊРєРёР№
1,Р’РµСЂР±РЅР°,РІСѓР»РёС†СЏ,РћР±РѕР»РѕРЅСЃСЊРєРёР№
3,Р’РµСЂР±РЅРёР№,РїСЂРѕРІСѓР»РѕРє,Р”РµСЃРЅСЏРЅСЃСЊРєРёР№
3,Р’РµСЂР±РѕРІР°,РІСѓР»РёС†СЏ,РћР±РѕР»РѕРЅСЃСЊРєРёР№
1,Р’РµСЂР±РѕР»РѕР·РЅР°,РІСѓР»РёС†СЏ,РџРѕРґС–Р»СЊСЃСЊРєРёР№
3,Р’РµСЂР±РѕР»РѕР·РЅРёР№,РїСЂРѕРІСѓР»РѕРє,РџРѕРґС–Р»СЊСЃСЊРєРёР№
3,Р’РµСЂРµСЃР°СЏ РћСЃС‚Р°РїР°,РІСѓР»РёС†СЏ,Р”РµСЃРЅСЏРЅСЃСЊРєРёР№
2,Р’РµСЂРµСЃРєРѕРІРёР№,РїСЂРѕРІСѓР»РѕРє,Р”Р°СЂРЅРёС†СЊРєРёР№
2,Р’РµСЂРµСЃРЅРµРІР°,РІСѓР»РёС†СЏ,Р”Р°СЂРЅРёС†СЊРєРёР№
3,Р’РµСЂРµС‰Р°РіС–РЅР°,РІСѓР»РёС†СЏ,РџРѕРґС–Р»СЊСЃСЊРєРёР№
1,Р’РµСЂРЅР°РґСЃСЊРєРѕРіРѕ РђРєР°РґРµРјС–РєР°,Р±СѓР»СЊРІР°СЂ,РЎРІСЏС‚РѕС€РёРЅСЃСЊРєРёР№
3,Р’РµСЂС…РЅС–Р№,РїСЂРѕРІСѓР»РѕРє,РџРµС‡РµСЂСЃСЊРєРёР№
2,Р’РµСЂС…РЅС–Р№ Р’Р°Р»,РІСѓР»РёС†СЏ,РџРѕРґС–Р»СЊСЃСЊРєРёР№
2,Р’РµСЂС…РЅСЊРѕРіС–СЂСЃСЊРєР°,РІСѓР»РёС†СЏ,РџРµС‡РµСЂСЃСЊРєРёР№
1,Р’РµСЂС…РЅСЊРѕРєР»СЋС‡РѕРІР°,РІСѓР»РёС†СЏ,РЎРѕР»РѕРј'СЏРЅСЃСЊРєРёР№
3,Р’РµСЂС…РЅСЏ,РІСѓР»РёС†СЏ,РџРµС‡РµСЂСЃСЊРєРёР№
1,Р’РµСЂС…РѕРІРёРЅРЅР°,РІСѓР»РёС†СЏ,РЎРІСЏС‚РѕС€РёРЅСЃСЊРєРёР№
3,Р’РµСЂС…РѕРІРёРЅС†СЏ Р’Р°СЃРёР»СЏ,РІСѓР»РёС†СЏ,РЎРІСЏС‚РѕС€РёРЅСЃСЊРєРёР№
1,Р’РµСЂС…РѕРІРЅРѕС— Р Р°РґРё,Р±СѓР»СЊРІР°СЂ,"Р”РЅС–РїСЂРѕРІСЃСЊРєРёР№, Р”РµСЃРЅСЏРЅСЃСЊРєРёР№"
1,Р’РµСЂС€РёРіРѕСЂРё РџРµС‚СЂР°,РІСѓР»РёС†СЏ,Р”РЅС–РїСЂРѕРІСЃСЊРєРёР№
3,Р’РµСЃРµР»РєРѕРІРёР№,РїСЂРѕРІСѓР»РѕРє,РџРѕРґС–Р»СЊСЃСЊРєРёР№
1,Р’РµСЃРЅСЏРЅР°,РІСѓР»РёС†СЏ,Р“РѕР»РѕСЃС–С—РІСЃСЊРєРёР№
1,Р’РµС€РµРЅСЃСЊРєРёР№,РїСЂРѕРІСѓР»РѕРє,Р”РµСЃРЅСЏРЅСЃСЊРєРёР№
3,Р’РёР±РѕСЂР·СЊРєРёР№,РїСЂРѕРІСѓР»РѕРє,РЎРѕР»РѕРј'СЏРЅСЃСЊРєРёР№
2,Р’РёРіСѓСЂС–РІСЃСЊРєРёР№,Р±СѓР»СЊРІР°СЂ,Р”РµСЃРЅСЏРЅСЃСЊРєРёР№
2,Р’РёРґСѓР±РёС†СЊРєР°,РІСѓР»РёС†СЏ,РџРµС‡РµСЂСЃСЊРєРёР№
1,Р’РёР·РІРѕР»РёС‚РµР»С–РІ,РїСЂРѕСЃРїРµРєС‚,Р”РЅС–РїСЂРѕРІСЃСЊРєРёР№
3,Р’РёРЅР°С…С–РґРЅРёРєС–РІ,РІСѓР»РёС†СЏ,Р”РЅС–РїСЂРѕРІСЃСЊРєРёР№
1,Р’РёРЅР°С…С–РґРЅРёРєС–РІ,РїСЂРѕРІСѓР»РѕРє,Р”РЅС–РїСЂРѕРІСЃСЊРєРёР№
1,Р’РёРЅРѕРіСЂР°РґРЅР°,РІСѓР»РёС†СЏ,РЎРѕР»РѕРј'СЏРЅСЃСЊРєРёР№
3,Р’РёРЅРѕРіСЂР°РґРЅРёР№,РїСЂРѕРІСѓР»РѕРє,РџРµС‡РµСЂСЃСЊРєРёР№
3,Р’РёСЂР»РёС†СЊРєР°,РІСѓР»РёС†СЏ,Р”Р°СЂРЅРёС†СЊРєРёР№
2,Р’РёСЃРѕРєРѕРІРѕР»СЊС‚РЅРёР№,РїСЂРѕРІСѓР»РѕРє,Р”Р°СЂРЅРёС†СЊРєРёР№
5,Р’РёСЃРѕС†СЊРєРѕРіРѕ Р’РѕР»РѕРґРёРјРёСЂР°,Р±СѓР»СЊРІР°СЂ,Р”РµСЃРЅСЏРЅСЃСЊРєРёР№
2,Р’РёС„Р»РµС”РјСЃСЊРєР°,РІСѓР»РёС†СЏ,Р”РЅС–РїСЂРѕРІСЃСЊРєРёР№
2,Р’РёС€РіРѕСЂРѕРґСЃСЊРєР°,РІСѓР»РёС†СЏ,"РџРѕРґС–Р»СЊСЃСЊРєРёР№, РћР±РѕР»РѕРЅСЃСЊРєРёР№"
2,Р’РёС€РЅРµРІР°,РІСѓР»РёС†СЏ,РЎРѕР»РѕРј'СЏРЅСЃСЊРєРёР№
1,Р’РёС€РЅРµРІР°,РІСѓР»РёС†СЏ,РЎРІСЏС‚РѕС€РёРЅСЃСЊРєРёР№
2,Р’РёС€РЅРµРІР°,РІСѓР»РёС†СЏ,РћР±РѕР»РѕРЅСЃСЊРєРёР№
1,Р’РёС€РЅРµРІР°,РІСѓР»РёС†СЏ,Р”Р°СЂРЅРёС†СЊРєРёР№
1,Р’РёС€РЅРµРІР° (РћР·РµСЂРЅР° 3),РІСѓР»РёС†СЏ,Р”Р°СЂРЅРёС†СЊРєРёР№
2,Р’РёС€РЅСЏРєС–РІСЃСЊРєР°,РІСѓР»РёС†СЏ,Р”Р°СЂРЅРёС†СЊРєРёР№
2,Р’С–РґРїРѕС‡РёРЅРєСѓ,РІСѓР»РёС†СЏ,РЎРІСЏС‚РѕС€РёРЅСЃСЊРєРёР№
1,Р’С–РґСЂР°РґРЅРёР№,РїСЂРѕСЃРїРµРєС‚,"РЎРѕР»РѕРј'СЏРЅСЃСЊРєРёР№, РЎРІСЏС‚РѕС€РёРЅСЃСЊРєРёР№"
1,Р’С–Р№СЃСЊРєРѕРІР°,РІСѓР»РёС†СЏ,Р“РѕР»РѕСЃС–С—РІСЃСЊРєРёР№
3,Р’С–Р№СЃСЊРєРѕРІРёР№,РїСЂРѕС—Р·Рґ,РџРµС‡РµСЂСЃСЊРєРёР№
2,Р’С–РєС‚РѕСЂР° Р—Р°СЂРµС†СЊРєРѕРіРѕ,РІСѓР»РёС†СЏ,Р“РѕР»РѕСЃС–С—РІСЃСЊРєРёР№
2,Р’С–Р»СЊРґРµ Р•РґСѓР°СЂРґР°,РІСѓР»РёС†СЏ,Р”РЅС–РїСЂРѕРІСЃСЊРєРёР№
2,Р’С–Р»СЊРЅСЋСЃСЊРєР°,РІСѓР»РёС†СЏ,Р”РЅС–РїСЂРѕРІСЃСЊРєРёР№
3,Р’С–Р»СЊС…РѕРІР° ,РІСѓР»РёС†СЏ,Р”РЅС–РїСЂРѕРІСЃСЊРєРёР№
2,Р’С–Р»СЊС€Р°РЅСЃСЊРєР°,РІСѓР»РёС†СЏ,РџРµС‡РµСЂСЃСЊРєРёР№
3,Р’С–Р»СЊС€Р°РЅСЃСЊРєРёР№ ,РїСЂРѕРІСѓР»РѕРє,РџРµС‡РµСЂСЃСЊРєРёР№
1,Р’С–Р»СЊСЏРјСЃР° РђРєР°РґРµРјС–РєР°,РІСѓР»РёС†СЏ,Р“РѕР»РѕСЃС–С—РІСЃСЊРєРёР№
2,Р’С–РЅРіСЂР°РЅРѕРІСЃСЊРєРѕРіРѕ РњРёРєРѕР»Рё,РІСѓР»РёС†СЏ,Р”Р°СЂРЅРёС†СЊРєРёР№
3,Р’С–РЅРЅРёС†СЊРєР°,РІСѓР»РёС†СЏ,РЎРѕР»РѕРј'СЏРЅСЃСЊРєРёР№
1,Р’С–СЂРјРµРЅСЃСЊРєР°,РІСѓР»РёС†СЏ,Р”Р°СЂРЅРёС†СЊРєРёР№
1,Р’С–СЂРјРµРЅСЃСЊРєРёР№,РїСЂРѕРІСѓР»РѕРє,Р”Р°СЂРЅРёС†СЊРєРёР№
1,Р’С–СЂРЅРѕСЃС‚С–,РІСѓР»РёС†СЏ,Р”РµСЃРЅСЏРЅСЃСЊРєРёР№
2,Р’С–СЂСЃСЊРєРѕРіРѕ РџР°РІР»Р°,РІСѓР»РёС†СЏ,Р”РµСЃРЅСЏРЅСЃСЊРєРёР№
2,Р’С–СЂСЊРѕРІРєРё Р“СЂРёРіРѕСЂС–СЏ,РІСѓР»РёС†СЏ,Р”РµСЃРЅСЏРЅСЃСЊРєРёР№
1,Р’С–СЃРєРѕР·РЅР°,РІСѓР»РёС†СЏ,"Р”РЅС–РїСЂРѕРІСЃСЊРєРёР№, Р”РµСЃРЅСЏРЅСЃСЊРєРёР№"
2,Р’С–С‚Р°РІСЃСЊРєР°,РІСѓР»РёС†СЏ,Р“РѕР»РѕСЃС–С—РІСЃСЊРєРёР№
1,Р’С–С‚Рѕ-Р›РёС‚РѕРІСЃСЊРєРёР№,РїСЂРѕРІСѓР»РѕРє,Р“РѕР»РѕСЃС–С—РІСЃСЊРєРёР№
3,Р’С–С‚СЂСѓРєР° Р“РµРЅРµСЂР°Р»Р°,РІСѓР»РёС†СЏ,РЎРІСЏС‚РѕС€РёРЅСЃСЊРєРёР№
1,Р’С–С‚СЂСЏРЅС– Р“РѕСЂРё,РІСѓР»РёС†СЏ,РџРѕРґС–Р»СЊСЃСЊРєРёР№
2,Р’С–С‚С‡РёР·РЅСЏРЅР°,РІСѓР»РёС†СЏ,РџРѕРґС–Р»СЊСЃСЊРєРёР№
2,Р’С–С‚СЏРЅСЃСЊРєР°,РІСѓР»РёС†СЏ,Р“РѕР»РѕСЃС–С—РІСЃСЊРєРёР№
3,Р’Р»Р°РґР»РµРЅР° РљСѓР·РЅРµС†РѕРІР°,РІСѓР»РёС†СЏ,Р”РµСЃРЅСЏРЅСЃСЊРєРёР№
2,Р’РѕРґРЅРёРєС–РІ,РІСѓР»РёС†СЏ,РџРѕРґС–Р»СЊСЃСЊРєРёР№
2,Р’РѕРґРѕРіС–РЅРЅР°,РІСѓР»РёС†СЏ,Р“РѕР»РѕСЃС–С—РІСЃСЊРєРёР№
3,Р’РѕР·РґРІРёР¶РµРЅСЃСЊРєР°,РІСѓР»РёС†СЏ,РџРѕРґС–Р»СЊСЃСЊРєРёР№
2,Р’РѕР·РґРІРёР¶РµРЅСЃСЊРєРёР№,РїСЂРѕРІСѓР»РѕРє,РџРѕРґС–Р»СЊСЃСЊРєРёР№
2,Р’РѕР·РЅРµСЃРµРЅСЃСЊРєРёР№,СѓР·РІС–Р·,РЁРµРІС‡РµРЅРєС–РІСЃСЊРєРёР№
3,Р’РѕРєР·Р°Р»СЊРЅР°,РїР»РѕС‰Р°,РЎРѕР»РѕРј'СЏРЅСЃСЊРєРёР№
1,Р’РѕРєР·Р°Р»СЊРЅР°,РІСѓР»РёС†СЏ,"РЎРѕР»РѕРј'СЏРЅСЃСЊРєРёР№, РЁРµРІС‡РµРЅРєС–РІСЃСЊРєРёР№"
2,Р’РѕР»РіРѕРіСЂР°РґСЃСЊРєР°,РІСѓР»РёС†СЏ,РЎРѕР»РѕРј'СЏРЅСЃСЊРєРёР№
3,Р’РѕР»РіРѕРіСЂР°РґСЃСЊРєР°,РїР»РѕС‰Р°,Р”РµСЃРЅСЏРЅСЃСЊРєРёР№
3,Р’РѕР»РіРѕ-Р”РѕРЅСЃСЊРєР°,РІСѓР»РёС†СЏ,Р”Р°СЂРЅРёС†СЊРєРёР№
1,Р’РѕР»РіРѕ-Р”РѕРЅСЃСЊРєРёР№,РїСЂРѕРІСѓР»РѕРє,Р”Р°СЂРЅРёС†СЊРєРёР№
2,Р’РѕР»Р·СЊРєР°,РІСѓР»РёС†СЏ,Р“РѕР»РѕСЃС–С—РІСЃСЊРєРёР№
3,Р’РѕР»Р·СЊРєРёР№,РїСЂРѕРІСѓР»РѕРє,Р“РѕР»РѕСЃС–С—РІСЃСЊРєРёР№
1,Р’РѕР»РёРЅСЃСЊРєР°,РІСѓР»РёС†СЏ,РЎРѕР»РѕРј'СЏРЅСЃСЊРєРёР№
1,Р’РѕР»РєРѕРІР° РљРѕСЃРјРѕРЅР°РІС‚Р°,РІСѓР»РёС†СЏ,Р”РµСЃРЅСЏРЅСЃСЊРєРёР№
2,Р’РѕР»РѕРґР°СЂСЃСЊРєР°,РІСѓР»РёС†СЏ,Р“РѕР»РѕСЃС–С—РІСЃСЊРєРёР№
1,Р’РѕР»РѕРґРёРјРёСЂР° Р‘РµС†Р°,РІСѓР»РёС†СЏ,Р”РµСЃРЅСЏРЅСЃСЊРєРёР№
2,Р’РѕР»РѕРґРёРјРёСЂР° Р‘СЂРѕР¶РєР°,РІСѓР»РёС†СЏ,"Р“РѕР»РѕСЃС–С—РІСЃСЊРєРёР№, РЎРѕР»РѕРј'СЏРЅСЃСЊРєРёР№"
3,Р’РѕР»РѕРґРёРјРёСЂР° Р’РёРЅРЅРёС‡РµРЅРєР°,РІСѓР»РёС†СЏ,РЁРµРІС‡РµРЅРєС–РІСЃСЊРєРёР№
3,Р’РѕР»РѕРґРёРјРёСЂР° Р“РѕСЂРѕРІРёС†СЏ,РІСѓР»РёС†СЏ,Р“РѕР»РѕСЃС–С—РІСЃСЊРєРёР№
1,Р’РѕР»РѕРґРёРјРёСЂР° РќР°СѓРјРµРЅРєРѕ,РІСѓР»РёС†СЏ,Р“РѕР»РѕСЃС–С—РІСЃСЊРєРёР№
1,Р’РѕР»РѕРґРёРјРёСЂРѕ-Р›РёР±С–РґСЃСЊРєР°,РІСѓР»РёС†СЏ,Р“РѕР»РѕСЃС–С—РІСЃСЊРєРёР№
1,Р’РѕР»РѕРґРёРјРёСЂСЃСЊРєР°,РІСѓР»РёС†СЏ,"Р“РѕР»РѕСЃС–С—РІСЃСЊРєРёР№, РЁРµРІС‡РµРЅРєС–РІСЃСЊРєРёР№"
2,Р’РѕР»РѕРґРёРјРёСЂСЃСЊРєРёР№,СѓР·РІС–Р·,"РџРµС‡РµСЂСЃСЊРєРёР№, РџРѕРґС–Р»СЊСЃСЊРєРёР№, РЁРµРІС‡РµРЅРєС–РІСЃСЊРєРёР№"
2,Р’РѕР»РѕРґРёРјРёСЂСЃСЊРєРёР№,РїСЂРѕС—Р·Рґ,РЁРµРІС‡РµРЅРєС–РІСЃСЊРєРёР№
2,Р’РѕР»РѕСЃСЊРєР°,РІСѓР»РёС†СЏ,РџРѕРґС–Р»СЊСЃСЊРєРёР№
2,Р’РѕР»РѕС€РєРѕРІР°,РІСѓР»РёС†СЏ,РЎРѕР»РѕРј'СЏРЅСЃСЊРєРёР№
2,Р’РѕР»РѕС€РєРѕРІРёР№,РїСЂРѕРІСѓР»РѕРє,Р”РµСЃРЅСЏРЅСЃСЊРєРёР№
1,Р’РѕР»С…РѕРІСЃСЊРєР°,РІСѓР»РёС†СЏ,Р”РЅС–РїСЂРѕРІСЃСЊРєРёР№
5,Р’РѕР»С…РѕРІСЃСЊРєРёР№,РїСЂРѕРІСѓР»РѕРє,Р”РЅС–РїСЂРѕРІСЃСЊРєРёР№
3,Р’РѕСЃРєСЂРµСЃРµРЅСЃСЊРєР°,РІСѓР»РёС†СЏ,Р”РЅС–РїСЂРѕРІСЃСЊРєРёР№
4,Р’РѕСЃСЊРјРѕРіРѕ Р‘РµСЂРµР·РЅСЏ,РІСѓР»РёС†СЏ,РћР±РѕР»РѕРЅСЃСЊРєРёР№
1,Р’СЂСѓР±РµР»С–РІСЃСЊРєРёР№,СѓР·РІС–Р·,РЁРµРІС‡РµРЅРєС–РІСЃСЊРєРёР№
2,Р’СЃРµРІРѕР»РѕРґР° Р—РјС–С”РЅРєР°,РІСѓР»РёС†СЏ,РџРѕРґС–Р»СЊСЃСЊРєРёР№
1,Р’СѓР·С–РІСЃСЊРєР°,РІСѓР»РёС†СЏ,РЎРѕР»РѕРј'СЏРЅСЃСЊРєРёР№
3,Р’СѓР»РёРєРѕРІР°,РІСѓР»РёС†СЏ,Р”Р°СЂРЅРёС†СЊРєРёР№
2,Р’С‡РёС‚РµР»СЊСЃСЊРєР°,РІСѓР»РёС†СЏ,РЎРѕР»РѕРј'СЏРЅСЃСЊРєРёР№
3,Р“Р°РІР°РЅСЃСЊРєР°,РІСѓР»РёС†СЏ,РџРѕРґС–Р»СЊСЃСЊРєРёР№
4,Р“Р°РІР°РЅСЃСЊРєРёР№,РїСЂРѕРІСѓР»РѕРє,РћР±РѕР»РѕРЅСЃСЊРєРёР№
1,Р“Р°РІРµР»Р° Р’Р°С†Р»Р°РІР°,Р±СѓР»СЊРІР°СЂ,РЎРѕР»РѕРј'СЏРЅСЃСЊРєРёР№
3,Р“Р°РІСЂРёР»СЋРєР°,РІСѓР»РёС†СЏ,РЎРѕР»РѕРјвЂ™СЏРЅСЃСЊРєРёР№
2,Р“Р°РіР°СЂС–РЅР° Р®СЂС–СЏ,РїСЂРѕСЃРїРµРєС‚,"Р”РµСЃРЅСЏРЅСЃСЊРєРёР№, Р”РЅС–РїСЂРѕРІСЃСЊРєРёР№"
1,Р“Р°Р·РѕРІР°,РІСѓР»РёС†СЏ,РЎРѕР»РѕРјвЂ™СЏРЅСЃСЊРєРёР№
2,Р“Р°Р·РѕРїСЂРѕРІС–РґРЅР°,РІСѓР»РёС†СЏ,"РџРѕРґС–Р»СЊСЃСЊРєРёР№, РЎРІСЏС‚РѕС€РёРЅСЃСЊРєРёР№"
1,Р“Р°Р№РґР°Р№ Р—РѕС—,РІСѓР»РёС†СЏ,РћР±РѕР»РѕРЅСЃСЊРєРёР№
3,Р“Р°Р№РѕРІР°,РІСѓР»РёС†СЏ,РЎРѕР»РѕРјвЂ™СЏРЅСЃСЊРєРёР№
1,Р“Р°Р№СЃРёРЅСЃСЊРєР°,РІСѓР»РёС†СЏ,РЎРѕР»РѕРјвЂ™СЏРЅСЃСЊРєРёР№
3,Р“Р°Р»РµСЂРЅР°,РІСѓР»РёС†СЏ,Р“РѕР»РѕСЃС–С—РІСЃСЊРєРёР№
3,Р“Р°Р»РёС†СЊРєР°,РІСѓР»РёС†СЏ,РџРѕРґС–Р»СЊСЃСЊРєРёР№
3,Р“Р°РЅРЅРё РђСЂРµРЅРґС‚,РІСѓР»РёС†СЏ,РЎРѕР»РѕРј'СЏРЅСЃСЊРєРёР№
1,Р“Р°РЅРЅРё Р‘Р°СЂРІС–РЅРѕРє,РІСѓР»РёС†СЏ,РћР±РѕР»РѕРЅСЃСЊРєРёР№
3,Р“Р°СЂР°Р¶РЅР°,РІСѓР»РёС†СЏ,Р”РЅС–РїСЂРѕРІСЃСЊРєРёР№
3,Р“Р°СЂР°Р¶РЅР°,РІСѓР»РёС†СЏ,Р”Р°СЂРЅРёС†СЊРєРёР№
1,Р“Р°СЂРµС‚Р° Р”Р¶РѕРЅСЃР°,РїСЂРѕРІСѓР»РѕРє,РЁРµРІС‡РµРЅРєС–РІСЃСЊРєРёР№
2,Р“Р°СЂС–РЅР° Р‘РѕСЂРёСЃР°,РІСѓР»РёС†СЏ,РЎРѕР»РѕРјвЂ™СЏРЅСЃСЊРєРёР№
2,Р“Р°СЂРјР°С‚РЅР°,РІСѓР»РёС†СЏ,РЎРѕР»РѕРјвЂ™СЏРЅСЃСЊРєРёР№
5,Р“Р°СЂС€РёРЅР°,РІСѓР»РёС†СЏ,РЎРІСЏС‚РѕС€РёРЅСЃСЊРєРёР№
1,Р“Р°СЃС‚РµР»Р»Рѕ РњРёРєРѕР»Рё,РІСѓР»РёС†СЏ,РџРµС‡РµСЂСЃСЊРєРёР№
1,Р“Р°С‚РЅР°,РІСѓР»РёС†СЏ,Р“РѕР»РѕСЃС–С—РІСЃСЊРєРёР№
1,Р“Р°С€РµРєР° РЇСЂРѕСЃР»Р°РІР°,Р±СѓР»СЊРІР°СЂ,Р”РЅС–РїСЂРѕРІСЃСЊРєРёР№
3,Р“РІР°СЂРґС–Р№СЃСЊРєР°,РІСѓР»РёС†СЏ,Р“РѕР»РѕСЃС–С—РІСЃСЊРєРёР№
1,Р“РµРЅРµСЂР°Р»Р° РђР»РјР°Р·РѕРІР°,РІСѓР»РёС†СЏ,РџРµС‡РµСЂСЃСЊРєРёР№
2,Р“РµРЅРµСЂР°Р»Р° Р“Р°РЅРґР·СЋРєР°,РІСѓР»РёС†СЏ,РћР±РѕР»РѕРЅСЃСЊРєРёР№
3,Р“РµРЅРµСЂР°Р»Р° Р“РµРЅР°РґС–СЏ Р’РѕСЂРѕР±Р№РѕРІР°,РІСѓР»РёС†СЏ,РЎРѕР»РѕРј'СЏРЅСЃСЊРєРёР№
2,Р“РµРЅРµСЂР°Р»Р° Р“СЂРµРєРѕРІР°,РІСѓР»РёС†СЏ,РџРѕРґС–Р»СЊСЃСЊРєРёР№
1,Р“РµРЅРµСЂР°Р»Р° РџР°РІР»РµРЅРєР°,РІСѓР»РёС†СЏ,РЎРѕР»РѕРј'СЏРЅСЃСЊРєРёР№
2,Р“РµРЅРµСЂР°Р»Р° РЁР°РїРѕРІР°Р»Р°,РІСѓР»РёС†СЏ,РЎРѕР»РѕРј'СЏРЅСЃСЊРєРёР№
1,Р“РµРѕСЂРіС–С—РІСЃСЊРєРёР№,РїСЂРѕРІСѓР»РѕРє,РЁРµРІС‡РµРЅРєС–РІСЃСЊРєРёР№
3,Р“РµРѕС„С–Р·РёРєС–РІ,РІСѓР»РёС†СЏ,Р”Р°СЂРЅРёС†СЊРєРёР№
2,Р“РµРѕС„С–Р·РёРєС–РІ,РїСЂРѕРІСѓР»РѕРє,Р”Р°СЂРЅРёС†СЊРєРёР№
3,Р“РµСЂР°СЃРёРјРµРЅРєР° РљРѕСЃС‚СЏРЅС‚РёРЅР°,РІСѓР»РёС†СЏ,РЎРІСЏС‚РѕС€РёРЅСЃСЊРєРёР№
1,Р“РµСЂРѕС—РІ Р‘СЂРµСЃС‚Сѓ,РїР»РѕС‰Р°,РЎРІСЏС‚РѕС€РёРЅСЃСЊРєРёР№
3,Р“РµСЂРѕС—РІ Р’РµР»РёРєРѕС— Р’С–С‚С‡РёР·РЅСЏРЅРѕС— РІС–Р№РЅРё,РїР»РѕС‰Р°,РџРµС‡РµСЂСЃСЊРєРёР№
1,Р“РµСЂРѕС—РІ Р’С–Р№РЅРё,РІСѓР»РёС†СЏ,РЎРѕР»РѕРјвЂ™СЏРЅСЃСЊРєРёР№
5,Р“РµСЂРѕС—РІ Р”РЅС–РїСЂР°,РІСѓР»РёС†СЏ,РћР±РѕР»РѕРЅСЃСЊРєРёР№
3,Р“РµСЂРѕС—РІ РљРѕСЃРјРѕСЃСѓ,РІСѓР»РёС†СЏ,РЎРІСЏС‚РѕС€РёРЅСЃСЊРєРёР№
4,Р“РµСЂРѕС—РІ РљСЂСѓС‚,Р°Р»РµСЏ,РџРµС‡РµСЂСЃСЊРєРёР№
3,Р“РµСЂРѕС—РІ РќРµР±РµСЃРЅРѕС— РЎРѕС‚РЅС–,Р°Р»РµСЏ,РџРµС‡РµСЂСЃСЊРєРёР№
4,Р“РµСЂРѕС—РІ РћР±РѕСЂРѕРЅРё,РІСѓР»РёС†СЏ,Р“РѕР»РѕСЃС–С—РІСЃСЊРєРёР№
1,Р“РµСЂРѕС—РІ РЎРµРІР°СЃС‚РѕРїРѕР»СЏ,РІСѓР»РёС†СЏ,РЎРѕР»РѕРј'СЏРЅСЃСЊРєРёР№
1,Р“РµСЂРѕС—РІ РЎС‚Р°Р»С–РЅРіСЂР°РґР°,РїСЂРѕСЃРїРµРєС‚,РћР±РѕР»РѕРЅСЃСЊРєРёР№
1,Р“РµСЂС†РµРЅР°,РІСѓР»РёС†СЏ,РЁРµРІС‡РµРЅРєС–РІСЃСЊРєРёР№
2,Р“РµСЂС†РµРЅР°,СѓР·РІС–Р·,РЁРµРІС‡РµРЅРєС–РІСЃСЊРєРёР№
2,Р“РµСЂС†РµРЅР°,РїСЂРѕРІСѓР»РѕРє,РЁРµРІС‡РµРЅРєС–РІСЃСЊРєРёР№
2,Р“РµС‚СЊРјР°РЅР° Р’Р°РґРёРјР°,РІСѓР»РёС†СЏ,РЎРѕР»РѕРј'СЏРЅСЃСЊРєРёР№
3,Р“С–Р№РѕРјР° РґРµ Р‘РѕРїР»Р°РЅР°,РІСѓР»РёС†СЏ,Р”РµСЃРЅСЏРЅСЃСЊРєРёР№
3,Р“С–Р»Р»СЏСЃС‚РёР№,РїСЂРѕРІСѓР»РѕРє,Р”РЅС–РїСЂРѕРІСЃСЊРєРёР№
2,Р“Р»Р°РґРєС–РІСЃСЊРєР°,РІСѓР»РёС†СЏ,РЎРѕР»РѕРј'СЏРЅСЃСЊРєРёР№
3,Р“Р»Р°Р·СѓРЅРѕРІР°,РІСѓР»РёС†СЏ,РџРµС‡РµСЂСЃСЊРєРёР№
1,Р“Р»РёР±РѕС‡РёС†СЊРєР°,РІСѓР»РёС†СЏ,РЁРµРІС‡РµРЅРєС–РІСЃСЊРєРёР№
2,Р“Р»РёР±РѕС‡РёС†СЊРєРёР№,РїСЂРѕС—Р·Рґ,РЁРµРІС‡РµРЅРєС–РІСЃСЊРєРёР№
1,Р“Р»С–Р±РѕРІР°,РІСѓР»РёС†СЏ,РЁРµРІС‡РµРЅРєС–РІСЃСЊРєРёР№
3,Р“Р»С–С”СЂР° Р РµР№РЅРіРѕР»СЊРґР°,РІСѓР»РёС†СЏ,РЎРІСЏС‚РѕС€РёРЅСЃСЊРєРёР№
3,Р“Р»С–РЅРєРё,РІСѓР»РёС†СЏ,РЎРѕР»РѕРјвЂ™СЏРЅСЃСЊРєРёР№
1,Р“Р»СѓС…С–РІСЃСЊРєР°,РІСѓР»РёС†СЏ,РџРѕРґС–Р»СЊСЃСЊРєРёР№
3,Р“Р»СѓС€РєРѕРІР° РђРєР°РґРµРјС–РєР°,РїСЂРѕСЃРїРµРєС‚,Р“РѕР»РѕСЃС–С—РІСЃСЊРєРёР№
1,Р“РјРёСЂС– Р‘РѕСЂРёСЃР°,РІСѓР»РёС†СЏ,Р”Р°СЂРЅРёС†СЊРєРёР№
3,Р“РѕРІРѕСЂРѕРІР° РњР°СЂС€Р°Р»Р°,РІСѓР»РёС†СЏ,Р“РѕР»РѕСЃС–С—РІСЃСЊРєРёР№
3,Р“РѕРІРѕСЂРѕРІР° РњР°СЂС€Р°Р»Р°,РїСЂРѕРІСѓР»РѕРє,Р“РѕР»РѕСЃС–С—РІСЃСЊРєРёР№
2,Р“РѕРіРѕР»С–РІСЃСЊРєР°,РІСѓР»РёС†СЏ,РЁРµРІС‡РµРЅРєС–РІСЃСЊРєРёР№
2,Р“РѕРіРѕР»СЏ,РІСѓР»РёС†СЏ,РЎРѕР»РѕРјвЂ™СЏРЅСЃСЊРєРёР№
3,Р“РѕРіРѕР»СЏ,РІСѓР»РёС†СЏ,Р”Р°СЂРЅРёС†СЊРєРёР№
2,Р“РѕРіРѕР»СЏ,РІСѓР»РёС†СЏ,Р”РµСЃРЅСЏРЅСЃСЊРєРёР№
2,Р“РѕРіРѕР»СЏ 2,РїСЂРѕРІСѓР»РѕРє,Р”Р°СЂРЅРёС†СЊРєРёР№
2,Р“РѕР»РѕРІР°РЅСЊРѕРІР° РЎС‚РµРїР°РЅР°,РІСѓР»РёС†СЏ,Р”Р°СЂРЅРёС†СЊРєРёР№
3,Р“РѕР»РѕРІРєР° РђРЅРґСЂС–СЏ,РІСѓР»РёС†СЏ,РЎРѕР»РѕРјвЂ™СЏРЅСЃСЊРєРёР№
1,Р“РѕР»РѕСЃС–С—РІСЃСЊРєР°,РїР»РѕС‰Р°,Р“РѕР»РѕСЃС–С—РІСЃСЊРєРёР№
3,Р“РѕР»РѕСЃС–С—РІСЃСЊРєР°,РІСѓР»РёС†СЏ,Р“РѕР»РѕСЃС–С—РІСЃСЊРєРёР№
3,Р“РѕР»РѕСЃС–С—РІСЃСЊРєРёР№,РїСЂРѕСЃРїРµРєС‚,Р“РѕР»РѕСЃС–С—РІСЃСЊРєРёР№
3,Р“РѕР»РѕСЃС–С—РІСЃСЊРєРёР№,РїСЂРѕРІСѓР»РѕРє,Р“РѕР»РѕСЃС–С—РІСЃСЊРєРёР№
3,Р“РѕРјРµР»СЊСЃСЊРєР°,РІСѓР»РёС†СЏ,РџРѕРґС–Р»СЊСЃСЊРєРёР№
3,Р“РѕРјРµР»СЊСЃСЊРєРёР№,РїСЂРѕРІСѓР»РѕРє,РџРѕРґС–Р»СЊСЃСЊРєРёР№
3,Р“РѕРЅРіР°РґР·Рµ Р“РµРѕСЂРіС–СЏ,РїСЂРѕСЃРїРµРєС‚,РџРѕРґС–Р»СЊСЃСЊРєРёР№
1,Р“РѕРЅС‚Рё Р†РІР°РЅР°,РІСѓР»РёС†СЏ,РЁРµРІС‡РµРЅРєС–РІСЃСЊРєРёР№
1,Р“РѕРЅС‡Р°СЂР° РћР»РµСЃСЏ,РІСѓР»РёС†СЏ,РЁРµРІС‡РµРЅРєС–РІСЃСЊРєРёР№
3,Р“РѕРЅС‡Р°СЂРЅР°,РІСѓР»РёС†СЏ,РџРѕРґС–Р»СЊСЃСЊРєРёР№
1,Р“РѕРЅС‡Р°СЂРѕРІР°,РІСѓР»РёС†СЏ,РЁРµРІС‡РµРЅРєС–РІСЃСЊРєРёР№
1,Р“РѕСЂР±СѓРЅРѕРІР° РђРєР°РґРµРјС–РєР°,РІСѓР»РёС†СЏ,Р”Р°СЂРЅРёС†СЊРєРёР№
3,Р“РѕСЂРµРЅСЃСЊРєР°,РІСѓР»РёС†СЏ,РЎРІСЏС‚РѕС€РёРЅСЃСЊРєРёР№
2,Р“РѕСЂРёСЃС‚Р°,РІСѓР»РёС†СЏ,Р“РѕР»РѕСЃС–С—РІСЃСЊРєРёР№
2,Р“РѕСЂРёСЃС‚РёР№,РїСЂРѕРІСѓР»РѕРє,Р“РѕР»РѕСЃС–С—РІСЃСЊРєРёР№
2,Р“РѕСЂС–С…РѕРІР°,РІСѓР»РёС†СЏ,РЎРѕР»РѕРј'СЏРЅСЃСЊРєРёР№
1,Р“РѕСЂС–С…РѕРІР° (РћР·РµСЂРЅР° 5),РІСѓР»РёС†СЏ,Р”Р°СЂРЅРёС†СЊРєРёР№
2,Р“РѕСЂР»С–РІСЃСЊРєР°,РІСѓР»РёС†СЏ,Р”Р°СЂРЅРёС†СЊРєРёР№
2,Р“РѕСЂРѕРґРµС†СЊРєРѕРіРѕ РђСЂС…С–С‚РµРєС‚РѕСЂР°,РІСѓР»РёС†СЏ,РџРµС‡РµСЂСЃСЊРєРёР№
2,Р“РѕСЂРѕРґРёС‰Рµ,РІСѓР»РёС†СЏ,Р”РµСЃРЅСЏРЅСЃСЊРєРёР№
3,Р“РѕСЂРѕРґРёС‰РµРЅСЃСЊРєР°,РІСѓР»РёС†СЏ,РџРѕРґС–Р»СЊСЃСЊРєРёР№
2,Р“РѕСЂРѕРґРЅСЏ,РІСѓР»РёС†СЏ,РЎРѕР»РѕРјвЂ™СЏРЅСЃСЊРєРёР№
5,Р“РѕСЂСЋС€РєР° Р“РµРѕСЂРіС–СЏ,РІСѓР»РёС†СЏ,Р“РѕР»РѕСЃС–С—РІСЃСЊРєРёР№
2,Р“РѕСЃРїС–С‚Р°Р»СЊРЅР°,РІСѓР»РёС†СЏ,РџРµС‡РµСЂСЃСЊРєРёР№
3,Р“РѕСЃРїС–С‚Р°Р»СЊРЅРёР№,РїСЂРѕРІСѓР»РѕРє,РџРµС‡РµСЂСЃСЊРєРёР№
1,Р“РѕСЃС‚РёРЅРЅР°,РІСѓР»РёС†СЏ,Р”Р°СЂРЅРёС†СЊРєРёР№
1,Р“РѕСЃС‚РёРЅРЅРёР№,РїСЂРѕРІСѓР»РѕРє,Р”Р°СЂРЅРёС†СЊРєРёР№
1,Р“РѕСЃС‚РѕРјРµР»СЊСЃСЊРєР°,РІСѓР»РёС†СЏ,РЎРІСЏС‚РѕС€РёРЅСЃСЊРєРёР№
1,Р“РѕСЃС‚РѕРјРµР»СЊСЃСЊРєР°,РїР»РѕС‰Р°,РЎРІСЏС‚РѕС€РёРЅСЃСЊРєРёР№
2,Р“РѕСЃС‚РѕРјРµР»СЊСЃСЊРєРµ,С€РѕСЃРµ,РћР±РѕР»РѕРЅСЃСЊРєРёР№
5,Р“СЂР°Р±РѕРІСЃСЊРєРѕРіРѕ РџР°РІР»Р°,РІСѓР»РёС†СЏ,Р“РѕР»РѕСЃС–С—РІСЃСЊРєРёР№
2,Р“СЂР°Р±РѕРІСЃСЊРєРѕРіРѕ РџР°РІР»Р°,РїСЂРѕРІСѓР»РѕРє,Р“РѕР»РѕСЃС–С—РІСЃСЊРєРёР№
2,Р“СЂР°РґРёРЅСЃСЊРєР°,РІСѓР»РёС†СЏ,Р”РµСЃРЅСЏРЅСЃСЊРєРёР№
4,Р“СЂР°РЅРёС‡РЅР°,РІСѓР»РёС†СЏ,РЎРІСЏС‚РѕС€РёРЅСЃСЊРєРёР№
2,Р“СЂРµР±С–РЅРєРё,РІСѓР»РёС†СЏ,Р“РѕР»РѕСЃС–С—РІСЃСЊРєРёР№
3,Р“СЂРµРєРѕРІР° РђРєР°РґРµРјС–РєР°,РІСѓР»РёС†СЏ,РЁРµРІС‡РµРЅРєС–РІСЃСЊРєРёР№
2,Р“СЂРµС‡Р°РЅРёР№,РїСЂРѕРІСѓР»РѕРє,Р”Р°СЂРЅРёС†СЊРєРёР№
4,Р“СЂРёРіРѕСЂРµРЅРєР° РџРµС‚СЂР°,РїСЂРѕСЃРїРµРєС‚,Р”Р°СЂРЅРёС†СЊРєРёР№
2,Р“СЂРёРіРѕСЂС–СЏ Р“РѕР»РѕСЃРєРµРІРёС‡Р°,РІСѓР»РёС†СЏ,Р“РѕР»РѕСЃС–С—РІСЃСЊРєРёР№
1,Р“СЂРёРіРѕСЂС–СЏ РљРѕСЃРёРЅРєРё,РІСѓР»РёС†СЏ,Р”РµСЃРЅСЏРЅСЃСЊРєРёР№
2,Р“СЂРёРіРѕСЂРѕРІРёС‡Р°-Р‘Р°СЂСЃСЊРєРѕРіРѕ,РІСѓР»РёС†СЏ,РЎРІСЏС‚РѕС€РёРЅСЃСЊРєРёР№
3,Р“СЂРёС€РєР° РњРёРєРѕР»Рё,РІСѓР»РёС†СЏ,Р”РµСЃРЅСЏРЅСЃСЊРєРёР№
2,Р“СЂРёС€РєР° РњРёС…Р°Р№Р»Р°,РІСѓР»РёС†СЏ,Р”Р°СЂРЅРёС†СЊРєРёР№
1,Р“СЂС–РЅС‡РµРЅРєР° Р‘РѕСЂРёСЃР°,РІСѓР»РёС†СЏ,РЁРµРІС‡РµРЅРєС–РІСЃСЊРєРёР№
2,Р“СЂС–РЅС‡РµРЅРєР° РњРёРєРѕР»Рё,РІСѓР»РёС†СЏ,"Р“РѕР»РѕСЃС–С—РІСЃСЊРєРёР№, РЎРѕР»РѕРјвЂ™СЏРЅСЃСЊРєРёР№"
3,Р“СЂРѕРґРЅРµРЅСЃСЊРєР°,РІСѓР»РёС†СЏ,Р”РЅС–РїСЂРѕРІСЃСЊРєРёР№
1,Р“СЂРѕРґРЅРµРЅСЃСЊРєРёР№,РїСЂРѕРІСѓР»РѕРє,Р”РЅС–РїСЂРѕРІСЃСЊРєРёР№
3,Р“СЂРѕР·РЅРµРЅСЃСЊРєР°,РІСѓР»РёС†СЏ,РЁРµРІС‡РµРЅРєС–РІСЃСЊРєРёР№
3,Р“СЂРѕРјР°РґСЃСЊРєР°,РІСѓР»РёС†СЏ,РЎРѕР»РѕРјвЂ™СЏРЅСЃСЊРєРёР№
2,Р“СЂРѕРјРѕРІРѕС— РЈР»СЏРЅРё,РІСѓР»РёС†СЏ,РЎРѕР»РѕРјвЂ™СЏРЅСЃСЊРєРёР№
1,Р“СЂСѓР·РёРЅСЃСЊРєР°,РІСѓР»РёС†СЏ,Р”Р°СЂРЅРёС†СЊРєРёР№
2,Р“СЂСѓР·РёРЅСЃСЊРєРёР№,РїСЂРѕРІСѓР»РѕРє,Р”Р°СЂРЅРёС†СЊРєРёР№
5,Р“СЂСѓС€РµРІР°,РІСѓР»РёС†СЏ,РЎРѕР»РѕРј'СЏРЅСЃСЊРєРёР№
1,Р“СЂСѓС€РµРІСЃСЊРєРѕРіРѕ РњРёС…Р°Р№Р»Р°,РІСѓР»РёС†СЏ,РџРµС‡РµСЂСЃСЊРєРёР№
2,Р“СѓР»Р°РєР° РњРёРєРѕР»Рё,РІСѓР»РёС†СЏ,РћР±РѕР»РѕРЅСЃСЊРєРёР№
1,Р“СѓСЂР°РјС–С€РІС–Р»С– Р”Р°РІРёРґР°,РІСѓР»РёС†СЏ,РЎРІСЏС‚РѕС€РёРЅСЃСЊРєРёР№
2,Р“СѓСЃРѕРІСЃСЊРєРѕРіРѕ,РІСѓР»РёС†СЏ,РџРµС‡РµСЂСЃСЊРєРёР№
1,Р“СѓС‡РЅРёР№,РїСЂРѕРІСѓР»РѕРє,РЎРѕР»РѕРјвЂ™СЏРЅСЃСЊРєРёР№
1,ТђР°Р»Р°Т‘Р°РЅС–РІСЃСЊРєР°,РІСѓР»РёС†СЏ,РЎРІСЏС‚РѕС€РёРЅСЃСЊРєРёР№
3,ТђСЂРµРЅРґР¶С–-Р”РѕРЅСЃСЊРєРѕРіРѕ,РІСѓР»РёС†СЏ,РЎРѕР»РѕРј'СЏРЅСЃСЊРєРёР№
2,Р”Р°Р»РµРєР°,РІСѓР»РёС†СЏ,РЎРѕР»РѕРј'СЏРЅСЃСЊРєРёР№
2,Р”Р°Р»СЏ РћР»РµРєСЃР°РЅРґСЂР°,РІСѓР»РёС†СЏ,Р”РµСЃРЅСЏРЅСЃСЊРєРёР№
1,Р”Р°РјР±РѕРІР°,РІСѓР»РёС†СЏ,Р”РЅС–РїСЂРѕРІСЃСЊРєРёР№
1,Р”Р°РјР±РѕРІР° 1,РІСѓР»РёС†СЏ,Р”РЅС–РїСЂРѕРІСЃСЊРєРёР№
3,Р”Р°РјР±РѕРІР° 2,РІСѓР»РёС†СЏ,Р”РЅС–РїСЂРѕРІСЃСЊРєРёР№
1,Р”Р°РјР±РѕРІР° 3,РІСѓР»РёС†СЏ,Р”РЅС–РїСЂРѕРІСЃСЊРєРёР№
4,Р”Р°РЅС‡РµРЅРєР° РЎРµСЂРіС–СЏ,РІСѓР»РёС†СЏ,РџРѕРґС–Р»СЊСЃСЊРєРёР№
1,Р”Р°РЅСЊРєРµРІРёС‡Р° РљРѕСЃС‚СЏРЅС‚РёРЅР°,РІСѓР»РёС†СЏ,Р”РµСЃРЅСЏРЅСЃСЊРєРёР№
1,Р”Р°СЂРІС–РЅР°,РІСѓР»РёС†СЏ,РџРµС‡РµСЂСЃСЊРєРёР№
2,Р”Р°СЂРЅРёС†СЊРєР°,РїР»РѕС‰Р°,Р”РЅС–РїСЂРѕРІСЃСЊРєРёР№
3,Р”Р°СЂРЅРёС†СЊРєРёР№,Р±СѓР»СЊРІР°СЂ,Р”РЅС–РїСЂРѕРІСЃСЊРєРёР№
3,Р”Р°С‡РЅР°,РІСѓР»РёС†СЏ,Р”РµСЃРЅСЏРЅСЃСЊРєРёР№
2,Р”Р°С‡РЅРёР№,РїСЂРѕРІСѓР»РѕРє,Р”РµСЃРЅСЏРЅСЃСЊРєРёР№
3,Р”Р°С€Р°РІСЃСЊРєР°,РІСѓР»РёС†СЏ,РЎРѕР»РѕРј'СЏРЅСЃСЊРєРёР№
2,Р”РІС–РЅСЃСЊРєР°,РІСѓР»РёС†СЏ,Р”РЅС–РїСЂРѕРІСЃСЊРєРёР№
2,Р”РµРіС‚СЏСЂС–РІСЃСЊРєР°,РІСѓР»РёС†СЏ,РЁРµРІС‡РµРЅРєС–РІСЃСЊРєРёР№
2,Р”РµРіС‚СЏСЂРЅР°,РІСѓР»РёС†СЏ,РџРѕРґС–Р»СЊСЃСЊРєРёР№
2,Р”РµР¶РЅС”РІР°,РІСѓР»РёС†СЏ,РЎРѕР»РѕРј'СЏРЅСЃСЊРєРёР№
2,Р”РµР¶РЅС”РІР°,РїСЂРѕРІСѓР»РѕРє,РЎРѕР»РѕРј'СЏРЅСЃСЊРєРёР№
1,Р”РµРєР°Р±СЂРёСЃС‚С–РІ,РІСѓР»РёС†СЏ,Р”Р°СЂРЅРёС†СЊРєРёР№
3,Р”РµР»РµРіР°С‚СЃСЊРєРёР№,РїСЂРѕРІСѓР»РѕРє,РЁРµРІС‡РµРЅРєС–РІСЃСЊРєРёР№
2,Р”РµРјРёРґС–РІСЃСЊРєР°,РІСѓР»РёС†СЏ,Р”Р°СЂРЅРёС†СЊРєРёР№
2,Р”РµРјС–С—РІСЃСЊРєР°,РїР»РѕС‰Р°,Р“РѕР»РѕСЃС–С—РІСЃСЊРєРёР№
3,Р”РµРјС–С—РІСЃСЊРєР°,РІСѓР»РёС†СЏ,Р“РѕР»РѕСЃС–С—РІСЃСЊРєРёР№
5,Р”РµРјС–С—РІСЃСЊРєРёР№,РїСЂРѕРІСѓР»РѕРє,Р“РѕР»РѕСЃС–С—РІСЃСЊРєРёР№
1,Р”РµРїСѓС‚Р°С‚СЃСЊРєР°,РІСѓР»РёС†СЏ,РЎРІСЏС‚РѕС€РёРЅСЃСЊРєРёР№
2,Р”РµСЂРµРІР»СЏРЅСЃСЊРєР°,РІСѓР»РёС†СЏ,РЁРµРІС‡РµРЅРєС–РІСЃСЊРєРёР№
3,Р”РµСЂРµРІРѕРѕР±СЂРѕР±РЅР°,РІСѓР»РёС†СЏ,Р“РѕР»РѕСЃС–С—РІСЃСЊРєРёР№
1,Р”РµСЂРµРІРѕРѕР±СЂРѕР±РЅРёР№,РїСЂРѕРІСѓР»РѕРє,Р“РѕР»РѕСЃС–С—РІСЃСЊРєРёР№
5,Р”РµСЃРµРЅСЃСЊРєРёР№ ,РїСЂРѕРІСѓР»РѕРє,Р”РµСЃРЅСЏРЅСЃСЊРєРёР№
3,Р”РµСЃРЅСЏРЅСЃСЊРєР°,РІСѓР»РёС†СЏ,РЎРѕР»РѕРј'СЏРЅСЃСЊРєРёР№
2,Р”РµСЃРЅСЏРЅСЃСЊРєР°,РІСѓР»РёС†СЏ,Р”РµСЃРЅСЏРЅСЃСЊРєРёР№
3,Р”РµСЃРЅСЏРЅСЃСЊРєР°,РІСѓР»РёС†СЏ,Р”РЅС–РїСЂРѕРІСЃСЊРєРёР№
3,Р”РµСЃРЅСЏРЅСЃСЊРєРёР№,РїСЂРѕРІСѓР»РѕРє,Р”РµСЃРЅСЏРЅСЃСЊРєРёР№
3,Р”РµСЃСЏС‚РёРЅРЅР°,РІСѓР»РёС†СЏ,РЁРµРІС‡РµРЅРєС–РІСЃСЊРєРёР№
1,Р”РµСЃСЏС‚РёРЅРЅРёР№,РїСЂРѕРІСѓР»РѕРє,РЁРµРІС‡РµРЅРєС–РІСЃСЊРєРёР№
3,Р”Р¶Р°Р»С–Р»СЏ РњСѓСЃРё,РІСѓР»РёС†СЏ,РџРѕРґС–Р»СЊСЃСЊРєРёР№
1,Р”Р¶РµР№РјСЃР° РњРµР№СЃР°,РІСѓР»РёС†СЏ,РЎРѕР»РѕРј'СЏРЅСЃСЊРєРёР№
3,Р”Р¶РµСЂРµР»СЊРЅР°,РІСѓР»РёС†СЏ,РћР±РѕР»РѕРЅСЃСЊРєРёР№
10,Р”Р¶РµСЂРµР»СЊРЅР°,РІСѓР»РёС†СЏ,Р”Р°СЂРЅРёС†СЊРєРёР№
3,Р”Р¶РµСЂРµР»СЊРЅРёР№,РїСЂРѕРІСѓР»РѕРє,РћР±РѕР»РѕРЅСЃСЊРєРёР№
4,Р”Р¶РѕРЅР° РњР°РєРєРµР№РЅР°,РІСѓР»РёС†СЏ,РџРµС‡РµСЂСЃСЊРєРёР№
2,Р”Р·РёТ‘Рё Р’РµСЂС‚РѕРІР°,РїСЂРѕРІСѓР»РѕРє,Р”РЅС–РїСЂРѕРІСЃСЊРєРёР№
2,Р”РёРєР°РЅСЃСЊРєРёР№,РїСЂРѕРІСѓР»РѕРє,Р”Р°СЂРЅРёС†СЊРєРёР№
4,Р”РёРјРµСЂСЃСЊРєР°,РІСѓР»РёС†СЏ,РЎРІСЏС‚РѕС€РёРЅСЃСЊРєРёР№
3,Р”С–Р°РјР°РЅС‚РѕРІРёР№,РїСЂРѕРІСѓР»РѕРє,Р”РµСЃРЅСЏРЅСЃСЊРєРёР№
2,Р”С–Р±СЂРѕРІРЅР° ,РІСѓР»РёС†СЏ,Р“РѕР»РѕСЃС–С—РІСЃСЊРєРёР№
2,Р”С–Р±СЂРѕРІРЅРёР№,РїСЂРѕРІСѓР»РѕРє,Р“РѕР»РѕСЃС–С—РІСЃСЊРєРёР№
3,Р”С–Р»РѕРІР°,РІСѓР»РёС†СЏ,"Р“РѕР»РѕСЃС–С—РІСЃСЊРєРёР№, РџРµС‡РµСЂСЃСЊРєРёР№"
1,Р”РјРёС‚СЂР° Р“СЂРёРіРѕСЂРѕРІРёС‡Р°,РІСѓР»РёС†СЏ,РЎРѕР»РѕРјвЂ™СЏРЅСЃСЊРєРёР№
2,Р”РјРёС‚СЂР° Р—Р°РіСѓР»Р°,РІСѓР»РёС†СЏ,Р”РµСЃРЅСЏРЅСЃСЊРєРёР№
2,Р”РјРёС‚СЂС–РІСЃСЊРєР°,РІСѓР»РёС†СЏ,РЁРµРІС‡РµРЅРєС–РІСЃСЊРєРёР№
2,Р”РјРёС‚СЂС–РІСЃСЊРєР°,РІСѓР»РёС†СЏ,РџРѕРґС–Р»СЊСЃСЊРєРёР№
1,Р”РЅС–РїСЂРѕРІР°,РІСѓР»РёС†СЏ,Р”Р°СЂРЅРёС†СЊРєРёР№
1,Р”РЅС–РїСЂРѕРІРёР№,РїСЂРѕРІСѓР»РѕРє,Р”Р°СЂРЅРёС†СЊРєРёР№
2,Р”РЅС–РїСЂРѕРІРѕРґСЃСЊРєР°,РІСѓР»РёС†СЏ,РћР±РѕР»РѕРЅСЃСЊРєРёР№
3,Р”РЅС–РїСЂРѕРІСЃСЊРєР°,РІСѓР»РёС†СЏ,РћР±РѕР»РѕРЅСЃСЊРєРёР№
3,Р”РЅС–РїСЂРѕРІСЃСЊРєР° ,РЅР°Р±РµСЂРµР¶РЅР°,"Р”РЅС–РїСЂРѕРІСЃСЊРєРёР№, Р”Р°СЂРЅРёС†СЊРєРёР№"
1,Р”РЅС–РїСЂРѕРІСЃСЊРєРµ,С€РѕСЃРµ,Р“РѕР»РѕСЃС–С—РІСЃСЊРєРёР№
3,Р”РЅС–РїСЂРѕРІСЃСЊРєРёР№ ,СѓР·РІС–Р·,РџРµС‡РµСЂСЃСЊРєРёР№
3,Р”РЅС–СЃС‚СЂРѕРІСЃСЊРєР°,РІСѓР»РёС†СЏ,РЎРѕР»РѕРј'СЏРЅСЃСЊРєРёР№
1,Р”РѕР±СЂРёР№ РЁР»СЏС…,РІСѓР»РёС†СЏ,Р“РѕР»РѕСЃС–С—РІСЃСЊРєРёР№
1,Р”РѕР±СЂРёРЅС–РЅСЃСЊРєР°,РІСѓР»РёС†СЏ,РћР±РѕР»РѕРЅСЃСЊРєРёР№
1,Р”РѕР±СЂРѕР±СѓС‚РЅР°,РІСѓР»РёС†СЏ,РЎРѕР»РѕРј'СЏРЅСЃСЊРєРёР№
2,Р”РѕР±СЂРѕРІРѕР»СЊС‡РёС… Р±Р°С‚Р°Р»СЊР№РѕРЅС–РІ,РІСѓР»РёС†СЏ,РџРµС‡РµСЂСЃСЊРєРёР№
1,Р”РѕР±СЂРѕР»СЋР±РѕРІР°,РІСѓР»РёС†СЏ,РџРµС‡РµСЂСЃСЊРєРёР№
3,Р”РѕР±СЂРѕР»СЋР±РѕРІР°,РїСЂРѕРІСѓР»РѕРє,РџРµС‡РµСЂСЃСЊРєРёР№
1,Р”РѕР±СЂРѕСЃСѓСЃС–РґСЃСЊРєР°,РІСѓР»РёС†СЏ,РЎРѕР»РѕРј'СЏРЅСЃСЊРєРёР№
1,Р”РѕР±СЂРѕСЃСѓСЃС–РґСЃСЊРєРёР№,РїСЂРѕРІСѓР»РѕРє,РЎРѕР»РѕРј'СЏРЅСЃСЊРєРёР№
1,Р”РѕР±СЂРѕС…РѕС‚РѕРІР° РђРєР°РґРµРјС–РєР°,РІСѓР»РёС†СЏ,РЎРІСЏС‚РѕС€РёРЅСЃСЊРєРёР№
2,Р”РѕР±СЂСѓР·СЊРєР°,РІСѓР»РёС†СЏ,РЎРѕР»РѕРј'СЏРЅСЃСЊРєРёР№
3,Р”РѕРІР°С‚РѕСЂР° Р“РµРЅРµСЂР°Р»Р°,РІСѓР»РёС†СЏ,Р“РѕР»РѕСЃС–С—РІСЃСЊРєРёР№
2,Р”РѕРІР°С‚РѕСЂР° Р“РµРЅРµСЂР°Р»Р°,РїСЂРѕРІСѓР»РѕРє,Р“РѕР»РѕСЃС–С—РІСЃСЊРєРёР№
3,Р”РѕРІР±СѓС€Р° РћР»РµРєСЃРё,РІСѓР»РёС†СЏ,Р”РЅС–РїСЂРѕРІСЃСЊРєРёР№
1,Р”РѕРІР¶РµРЅРєР°,РІСѓР»РёС†СЏ,Р”РµСЃРЅСЏРЅСЃСЊРєРёР№
3,Р”РѕРІР¶РµРЅРєР° РћР»РµРєСЃР°РЅРґСЂР°,РІСѓР»РёС†СЏ,РЁРµРІС‡РµРЅРєС–РІСЃСЊРєРёР№
1,Р”РѕРєСѓС‡Р°С”РІСЃСЊРєР°,РІСѓР»РёС†СЏ,РЎРѕР»РѕРј'СЏРЅСЃСЊРєРёР№
2,Р”РѕРєСѓС‡Р°С”РІСЃСЊРєРёР№,С‚СѓРїРёРє,РЎРѕР»РѕРј'СЏРЅСЃСЊРєРёР№
3,Р”РѕРєСѓС‡Р°С”РІСЃСЊРєРёР№,РїСЂРѕРІСѓР»РѕРє,РЎРѕР»РѕРј'СЏРЅСЃСЊРєРёР№
2,Р”РѕР»РёРЅРЅР°,РІСѓР»РёС†СЏ,РЎРѕР»РѕРј'СЏРЅСЃСЊРєРёР№
3,Р”РѕРЅРµС†СЊРєР°,РІСѓР»РёС†СЏ,РЎРѕР»РѕРј'СЏРЅСЃСЊРєРёР№
1,Р”РѕРЅРµС†СЊРєРёР№,РїСЂРѕРІСѓР»РѕРє,РЎРѕР»РѕРј'СЏРЅСЃСЊРєРёР№
2,Р”РѕРЅСЃСЊРєР°,РІСѓР»РёС†СЏ,РЎРѕР»РѕРј'СЏРЅСЃСЊРєРёР№
2,Р”РѕРЅСЃСЊРєРёР№,РїСЂРѕРІСѓР»РѕРє,РЎРѕР»РѕРј'СЏРЅСЃСЊРєРёР№
2,Р”РѕРЅС†СЏ РњРёС…Р°Р№Р»Р°,РІСѓР»РёС†СЏ,РЎРѕР»РѕРј'СЏРЅСЃСЊРєРёР№
3,Р”РѕРЅС‡СѓРєР° Р’Р°СЃРёР»СЏ,РІСѓР»РёС†СЏ,РЁРµРІС‡РµРЅРєС–РІСЃСЊРєРёР№
3,Р”РѕСЂРѕРіРѕР¶РёС†СЊРєР°,РІСѓР»РёС†СЏ,РЁРµРІС‡РµРЅРєС–РІСЃСЊРєРёР№
3,Р”РѕСЃС‚РѕС”РІСЃСЊРєРѕРіРѕ,РїСЂРѕРІСѓР»РѕРє,РџРѕРґС–Р»СЊСЃСЊРєРёР№
3,Р”РѕСЃС‚РѕС”РІСЃСЊРєРѕРіРѕ,РІСѓР»РёС†СЏ,РџРѕРґС–Р»СЊСЃСЊРєРёР№
1,Р”СЂР°РіРѕРјР°РЅРѕРІР°,РІСѓР»РёС†СЏ,Р”Р°СЂРЅРёС†СЊРєРёР№
2,Р”СЂР°РіРѕРјРёСЂРѕРІР° РњРёС…Р°Р№Р»Р°,РІСѓР»РёС†СЏ,РџРµС‡РµСЂСЃСЊРєРёР№
2,Р”СЂР°Р№Р·РµСЂР° РўРµРѕРґРѕСЂР°,РІСѓР»РёС†СЏ,Р”РµСЃРЅСЏРЅСЃСЊРєРёР№
1,Р”СЂР°Р№-РҐРјР°СЂРё РњРёС…Р°Р№Р»Р°,РІСѓР»РёС†СЏ,РЎРІСЏС‚РѕС€РёРЅСЃСЊРєРёР№
3,Р”СЂСѓРіР°,РІСѓР»РёС†СЏ,РћР±РѕР»РѕРЅСЃСЊРєРёР№
3,Р”СЂСѓР¶Р±Рё,РІСѓР»РёС†СЏ,Р”Р°СЂРЅРёС†СЊРєРёР№
3,Р”СЂСѓР¶Р±Рё 1,РїСЂРѕРІСѓР»РѕРє,Р”Р°СЂРЅРёС†СЊРєРёР№
2,Р”СЂСѓР¶Р±Рё 2,РїСЂРѕРІСѓР»РѕРє,Р”Р°СЂРЅРёС†СЊРєРёР№
1,Р”СЂСѓР¶Р±Рё 3,РїСЂРѕРІСѓР»РѕРє,Р”Р°СЂРЅРёС†СЊРєРёР№
1,Р”СЂСѓР¶Р±Рё РќР°СЂРѕРґС–РІ,Р±СѓР»СЊРІР°СЂ,РџРµС‡РµСЂСЃСЊРєРёР№
5,Р”СЂСѓР¶РєС–РІСЃСЊРєР°,РІСѓР»РёС†СЏ,РЎРІСЏС‚РѕС€РёРЅСЃСЊРєРёР№
1,Р”СЂСѓР¶РЅСЏ,РІСѓР»РёС†СЏ,РЎРѕР»РѕРј'СЏРЅСЃСЊРєРёР№
2,Р”СѓР±РµРЅСЃСЊРєР°,РІСѓР»РёС†СЏ,РџРµС‡РµСЂСЃСЊРєРёР№
3,Р”СѓР±РёС‡РЅСЏРЅСЃСЊРєР°,РІСѓР»РёС†СЏ,Р”РµСЃРЅСЏРЅСЃСЊРєРёР№
2,Р”СѓР±РёС‰Р°РЅСЃСЊРєР°,РІСѓР»РёС†СЏ,РћР±РѕР»РѕРЅСЃСЊРєРёР№
2,Р”СѓР±РёС‰Р°РЅСЃСЊРєРёР№,РїСЂРѕРІСѓР»РѕРє,РћР±РѕР»РѕРЅСЃСЊРєРёР№
1,Р”СѓР±С–РЅС–РЅР° Р’РѕР»РѕРґС–,РІСѓР»РёС†СЏ,Р“РѕР»РѕСЃС–С—РІСЃСЊРєРёР№
2,Р”СѓР±РєР° (РћР·РµСЂРЅР° 15),РІСѓР»РёС†СЏ,Р”Р°СЂРЅРёС†СЊРєРёР№
1,Р”СѓР±СЂРѕРІРёС†СЊРєР°,РІСѓР»РёС†СЏ,РћР±РѕР»РѕРЅСЃСЊРєРёР№
1,Р”СѓР±СЂРѕРІРёС†СЊРєРёР№,РїСЂРѕРІСѓР»РѕРє,РћР±РѕР»РѕРЅСЃСЊРєРёР№
1,Р”СѓР±СЂРѕРІСЃСЊРєРѕРіРѕ Р’С–РєС‚РѕСЂР°,РїСЂРѕРІСѓР»РѕРє,РЎРІСЏС‚РѕС€РёРЅСЃСЊРєРёР№
1,Р”СѓРґРЅРёРєР° Р“РµРѕСЂРіС–СЏ,РІСѓР»РёС†СЏ,РЁРµРІС‡РµРЅРєС–РІСЃСЊРєРёР№
1,Р”СѓРєРё РЎС‚РµРїР°РЅР°,РІСѓР»РёС†СЏ,Р“РѕР»РѕСЃС–С—РІСЃСЊРєРёР№
3,Р”СѓРЅР°С”РІСЃСЊРєРѕРіРѕ,РІСѓР»РёС†СЏ,РЎРІСЏС‚РѕС€РёРЅСЃСЊРєРёР№
2,Р”СѓРЅР°С”РІСЃСЊРєРѕРіРѕ,РїСЂРѕРІСѓР»РѕРє,РЎРІСЏС‚РѕС€РёРЅСЃСЊРєРёР№
3,Р”СѓСЂРґСѓРєС–РІСЃСЊРєРѕРіРѕ Р’РѕР»РѕРґРёРјРёСЂР°,РІСѓР»РёС†СЏ,РЎРІСЏС‚РѕС€РёРЅСЃСЊРєРёР№
3,Р”СЏС‡РµРЅРєР° Р†РІР°РЅР°,РІСѓР»РёС†СЏ,Р”Р°СЂРЅРёС†СЊРєРёР№
3,Р•РєСЃРєР°РІР°С‚РѕСЂРЅР°,РІСѓР»РёС†СЏ,РЎРІСЏС‚РѕС€РёРЅСЃСЊРєРёР№
3,Р•Р»РµРєС‚СЂРёРєС–РІ,РІСѓР»РёС†СЏ,РџРѕРґС–Р»СЊСЃСЊРєРёР№
2,Р•Р»РµРєС‚СЂРёРєС–РІ,РїСЂРѕРІСѓР»РѕРє,РџРѕРґС–Р»СЊСЃСЊРєРёР№
4,Р•Р»РµРєС‚СЂРѕС‚РµС…РЅС–С‡РЅР°,РІСѓР»РёС†СЏ,Р”РµСЃРЅСЏРЅСЃСЊРєРёР№
3,Р•РЅРіРµР»СЊСЃР°,РїСЂРѕРІСѓР»РѕРє,Р”Р°СЂРЅРёС†СЊРєРёР№
3,Р•РЅРіРµР»СЊСЃР°,РІСѓР»РёС†СЏ,Р”Р°СЂРЅРёС†СЊРєРёР№
2,Р•РЅРµСЂРіРµС‚РёРєС–РІ,РІСѓР»РёС†СЏ,РЎРѕР»РѕРј'СЏРЅСЃСЊРєРёР№
1,Р•РЅРµСЂРіРµС‚РёРєС–РІ,РІСѓР»РёС†СЏ,Р”РЅС–РїСЂРѕРІСЃСЊРєРёР№
4,Р•РЅРµСЂРіРµС‚РёРєС–РІ,РїСЂРѕРІСѓР»РѕРє,РЎРѕР»РѕРј'СЏРЅСЃСЊРєРёР№
3,Р•РЅС‚СѓР·С–Р°СЃС‚С–РІ,РІСѓР»РёС†СЏ,Р”РЅС–РїСЂРѕРІСЃСЊРєРёР№
2,Р•РЅС‚СѓР·С–Р°СЃС‚С–РІ 1,РІСѓР»РёС†СЏ,Р”Р°СЂРЅРёС†СЊРєРёР№
2,Р•РЅС‚СѓР·С–Р°СЃС‚С–РІ 10,РІСѓР»РёС†СЏ,Р”Р°СЂРЅРёС†СЊРєРёР№
1,Р•РЅС‚СѓР·С–Р°СЃС‚С–РІ 2,РІСѓР»РёС†СЏ,Р”Р°СЂРЅРёС†СЊРєРёР№
3,Р•РЅС‚СѓР·С–Р°СЃС‚С–РІ 3,РІСѓР»РёС†СЏ,Р”Р°СЂРЅРёС†СЊРєРёР№
3,Р•РЅС‚СѓР·С–Р°СЃС‚С–РІ 4,РІСѓР»РёС†СЏ,Р”Р°СЂРЅРёС†СЊРєРёР№
1,Р•РЅС‚СѓР·С–Р°СЃС‚С–РІ 5,РІСѓР»РёС†СЏ,Р”Р°СЂРЅРёС†СЊРєРёР№
1,Р•РЅС‚СѓР·С–Р°СЃС‚С–РІ 6,РІСѓР»РёС†СЏ,Р”Р°СЂРЅРёС†СЊРєРёР№
3,Р•РЅС‚СѓР·С–Р°СЃС‚С–РІ 7,РІСѓР»РёС†СЏ,Р”Р°СЂРЅРёС†СЊРєРёР№
2,Р•РЅС‚СѓР·С–Р°СЃС‚С–РІ 8,РІСѓР»РёС†СЏ,Р”Р°СЂРЅРёС†СЊРєРёР№
2,Р•РЅС‚СѓР·С–Р°СЃС‚С–РІ 9,РІСѓР»РёС†СЏ,Р”Р°СЂРЅРёС†СЊРєРёР№
3,Р•СЂРµРЅР±СѓСЂРіР° Р†Р»Р»С–,РІСѓР»РёС†СЏ,Р“РѕР»РѕСЃС–С—РІСЃСЊРєРёР№
3,Р•СЂРЅСЃС‚Р° Р¤РµРґРѕСЂР°,РІСѓР»РёС†СЏ,РЎРѕР»РѕРј'СЏРЅСЃСЊРєРёР№
2,Р•СЃРїР»Р°РЅР°РґРЅР°,РІСѓР»РёС†СЏ,РџРµС‡РµСЂСЃСЊРєРёР№
2,Р•СЃС‚РѕРЅСЃСЊРєР°,РІСѓР»РёС†СЏ,РЁРµРІС‡РµРЅРєС–РІСЃСЊРєРёР№
3,Р•СЃС‚РѕРЅСЃСЊРєРёР№,РїСЂРѕРІСѓР»РѕРє,РЁРµРІС‡РµРЅРєС–РІСЃСЊРєРёР№
3,Р„РІРіРµРЅР° Р“СѓС†Р°Р»Р°,РїСЂРѕРІСѓР»РѕРє,РџРµС‡РµСЂСЃСЊРєРёР№
1,Р„РІРіРµРЅР° РљРѕРЅРѕРІР°Р»СЊС†СЏ,РІСѓР»РёС†СЏ,РџРµС‡РµСЂСЃСЊРєРёР№
2,Р„РІРіРµРЅР° РџР»СѓР¶РЅРёРєР°,РІСѓР»РёС†СЏ,Р”РµСЃРЅСЏРЅСЃСЊРєРёР№
1,Р„РІРіРµРЅР° РЎРІРµСЂСЃС‚СЋРєР°,РІСѓР»РёС†СЏ,Р”РЅС–РїСЂРѕРІСЃСЊРєРёР№
1,Р„РІСЂРѕРїРµР№СЃСЊРєР°,РїР»РѕС‰Р°,РџРµС‡РµСЂСЃСЊРєРёР№
3,Р„РґРЅРѕСЃС‚С–,РІСѓР»РёС†СЏ,Р”РµСЃРЅСЏРЅСЃСЊРєРёР№
2,Р„Р¶Рё ТђРµРґСЂРѕР№С†СЏ,РІСѓР»РёС†СЏ,"Р“РѕР»РѕСЃС–С—РІСЃСЊРєРёР№, РџРµС‡РµСЂСЃСЊРєРёР№"
3,Р„РЅС–СЃРµР№СЃСЊРєР°,РІСѓР»РёС†СЏ,Р“РѕР»РѕСЃС–С—РІСЃСЊРєРёР№
1,Р„СЂРµРІР°РЅСЃСЊРєР°,РІСѓР»РёС†СЏ,РЎРѕР»РѕРј'СЏРЅСЃСЊРєРёР№
1,Р„СЂРјР°РєР°,РІСѓР»РёС†СЏ,РћР±РѕР»РѕРЅСЃСЊРєРёР№
2,Р„СЃРµРЅС–РЅР° РЎРµСЂРіС–СЏ,РІСѓР»РёС†СЏ,РЎРІСЏС‚РѕС€РёРЅСЃСЊРєРёР№
4,Р–Р°Р±Р°С”РІР° Р–Р°РјР±РёР»Р°,РІСѓР»РёС†СЏ,РЁРµРІС‡РµРЅРєС–РІСЃСЊРєРёР№
1,Р–Р°С€РєС–РІСЃСЊРєР°,РІСѓР»РёС†СЏ,РџРѕРґС–Р»СЊСЃСЊРєРёР№
2,Р–РёРІРѕРїРёСЃРЅР°,РІСѓР»РёС†СЏ,РЎРІСЏС‚РѕС€РёРЅСЃСЊРєРёР№
1,Р–РёРіСѓР»С–РІСЃСЊРєР°,РІСѓР»РёС†СЏ,Р“РѕР»РѕСЃС–С—РІСЃСЊРєРёР№
4,Р–РёР»СЏРЅСЃСЊРєР°,РІСѓР»РёС†СЏ,"РџРµС‡РµСЂСЃСЊРєРёР№, Р“РѕР»РѕСЃС–С—РІСЃСЊРєРёР№, РЁРµРІС‡РµРЅРєС–РІСЃСЊРєРёР№"
1,Р–РёС‚РєРѕРІР° Р‘РѕСЂРёСЃР°,РІСѓР»РёС†СЏ,РЁРµРІС‡РµРЅРєС–РІСЃСЊРєРёР№
2,Р–РёС‚РЅСЊРѕС‚РѕСЂР·СЊРєР°,РІСѓР»РёС†СЏ,РџРѕРґС–Р»СЊСЃСЊРєРёР№
3,Р–РёС‚РЅСЊРѕС‚РѕСЂР·СЊРєР°,РїР»РѕС‰Р°,РџРѕРґС–Р»СЊСЃСЊРєРёР№
3,Р–РјР°С‡РµРЅРєР° Р“РµРЅРµСЂР°Р»Р°,РІСѓР»РёС†СЏ,Р”РЅС–РїСЂРѕРІСЃСЊРєРёР№
1,Р–РјРµСЂРёРЅСЃСЊРєР°,РІСѓР»РёС†СЏ,РЎРІСЏС‚РѕС€РёРЅСЃСЊРєРёР№
1,Р–РјРµСЂРёРЅСЃСЊРєРёР№,РїСЂРѕРІСѓР»РѕРє,РЎРІСЏС‚РѕС€РёРЅСЃСЊРєРёР№
1,Р–РѕРІС‚РЅРµРІР°,РІСѓР»РёС†СЏ,РЎРІСЏС‚РѕС€РёРЅСЃСЊРєРёР№
2,Р–РѕРІС‚РЅРµРІРёР№,РїСЂРѕРІСѓР»РѕРє,РЎРІСЏС‚РѕС€РёРЅСЃСЊРєРёР№
3,Р–РѕР»СѓРґС”РІР°,РІСѓР»РёС†СЏ,РЎРІСЏС‚РѕС€РёРЅСЃСЊРєРёР№
2,Р–СѓРєС–РІ Р—Р°С‚РѕРЅ,РІСѓР»РёС†СЏ,Р“РѕР»РѕСЃС–С—РІСЃСЊРєРёР№
3,Р–СѓРєРѕРІСЃСЊРєРѕРіРѕ Р’Р°СЃРёР»СЏ,РїСЂРѕРІСѓР»РѕРє,Р“РѕР»РѕСЃС–С—РІСЃСЊРєРёР№
1,Р–СѓРєРѕРІСЃСЊРєРѕРіРѕ Р’Р°СЃРёР»СЏ,РІСѓР»РёС†СЏ,Р“РѕР»РѕСЃС–С—РІСЃСЊРєРёР№
4,Р–СѓР»СЏРЅСЃСЊРєР°,РІСѓР»РёС†СЏ,Р“РѕР»РѕСЃС–С—РІСЃСЊРєРёР№
2,Р–СѓСЂР°РІР»РёРЅР°,РІСѓР»РёС†СЏ,Р”Р°СЂРЅРёС†СЊРєРёР№
2,Р–СѓСЂР°РІР»РёРЅР°,РІСѓР»РёС†СЏ,РЎРѕР»РѕРј'СЏРЅСЃСЊРєРёР№
2,Р—Р°Р±Р°Р№РєС–РІСЃСЊРєР°,РІСѓР»РёС†СЏ,Р“РѕР»РѕСЃС–С—РІСЃСЊРєРёР№
4,Р—Р°Р±С–Р»Рё Р’С–РєС‚РѕСЂР°,РІСѓР»РёС†СЏ,Р“РѕР»РѕСЃС–С—РІСЃСЊРєРёР№
2,Р—Р°Р±РѕР»РѕС‚РЅРёР№,РїСЂРѕРІСѓР»РѕРє,Р“РѕР»РѕСЃС–С—РІСЃСЊРєРёР№
2,Р—Р°Р±РѕР»РѕС‚РЅРѕРіРѕ РђРєР°РґРµРјС–РєР°,РІСѓР»РёС†СЏ,Р“РѕР»РѕСЃС–С—РІСЃСЊРєРёР№
3,Р—Р°РІР°Р»СЊРЅР°,РІСѓР»РёС†СЏ,Р”Р°СЂРЅРёС†СЊРєРёР№
2,Р—Р°РІРѕРґСЃСЊРєР°,РІСѓР»РёС†СЏ,РџРѕРґС–Р»СЊСЃСЊРєРёР№
1,Р—Р°РІРѕРґСЃСЊРєРёР№,РїСЂРѕРІСѓР»РѕРє,Р”Р°СЂРЅРёС†СЊРєРёР№
1,Р—Р°РіР»Р°РґРё Р›РµРѕРЅС–Р»Рё,РІСѓР»РёС†СЏ,Р”Р°СЂРЅРёС†СЊРєРёР№
4,Р—Р°РіРѕСЂРѕРґРЅСЊРѕРіРѕ РњРёС…Р°Р№Р»Р°,РїР»РѕС‰Р°,РћР±РѕР»РѕРЅСЃСЊРєРёР№
4,Р—Р°РіРѕСЂРѕРґРЅСЏ,РІСѓР»РёС†СЏ,Р“РѕР»РѕСЃС–С—РІСЃСЊРєРёР№
1,Р—Р°РґРЅС–РїСЂРѕРІСЃСЊРєРѕРіРѕ РњРёС…Р°Р№Р»Р°,РІСѓР»РёС†СЏ,РџРµС‡РµСЂСЃСЊРєРёР№
2,Р—Р°РґРѕСЂРѕР¶РЅРёР№,РїСЂРѕРІСѓР»РѕРє,Р“РѕР»РѕСЃС–С—РІСЃСЊРєРёР№
2,Р—Р°РєР°РЅР°Р»СЊРЅР°,РІСѓР»РёС†СЏ,Р”Р°СЂРЅРёС†СЊРєРёР№
3,Р—Р°РєР°СЂРїР°С‚СЃСЊРєР°,РІСѓР»РёС†СЏ,Р“РѕР»РѕСЃС–С—РІСЃСЊРєРёР№
3,Р—Р°РєСЂРµРІСЃСЊРєРѕРіРѕ РњРёРєРѕР»Рё,РІСѓР»РёС†СЏ,Р”РµСЃРЅСЏРЅСЃСЊРєРёР№
3,Р—Р°Р»РёРІРЅР°,РІСѓР»РёС†СЏ,Р“РѕР»РѕСЃС–С—РІСЃСЊРєРёР№
2,Р—Р°Р»С–Р·РЅРёС‡РЅР°,РІСѓР»РёС†СЏ,РЎРѕР»РѕРј'СЏРЅСЃСЊРєРёР№
2,Р—Р°Р»С–Р·РЅРёС‡РЅР°,РІСѓР»РёС†СЏ,Р”РЅС–РїСЂРѕРІСЃСЊРєРёР№
1,Р—Р°Р»С–Р·РЅРёС‡РЅР° 1,РІСѓР»РёС†СЏ,Р”РЅС–РїСЂРѕРІСЃСЊРєРёР№
3,Р—Р°Р»С–Р·РЅРёС‡РЅР° 2,РІСѓР»РёС†СЏ,Р”РЅС–РїСЂРѕРІСЃСЊРєРёР№
3,Р—Р°Р»С–Р·РЅРёС‡РЅР° 3,РІСѓР»РёС†СЏ,Р”РЅС–РїСЂРѕРІСЃСЊРєРёР№
1,Р—Р°Р»С–Р·РЅРёС‡РЅР° 4,РІСѓР»РёС†СЏ,Р”РЅС–РїСЂРѕРІСЃСЊРєРёР№
5,Р—Р°Р»С–Р·РЅРёС‡РЅРµ,С€РѕСЃРµ,РџРµС‡РµСЂСЃСЊРєРёР№
3,Р—Р°Р»С–Р·РЅСЏРєР° РњР°РєСЃРёРјР°,РІСѓР»РёС†СЏ,РЎРІСЏС‚РѕС€РёРЅСЃСЊРєРёР№
2,Р—Р°Р»С–СЃРЅР°,РІСѓР»РёС†СЏ,РЎРѕР»РѕРј'СЏРЅСЃСЊРєРёР№
1,Р—Р°Р»РѕРјРѕРІР° РџРµС‚СЂР°,РІСѓР»РёС†СЏ,РЎРѕР»РѕРј'СЏРЅСЃСЊРєРёР№
2,Р—Р°Р»СѓР¶РЅР° ,РІСѓР»РёС†СЏ,Р“РѕР»РѕСЃС–С—РІСЃСЊРєРёР№
2,Р—Р°Р»СѓР¶РЅРёР№ ,РїСЂРѕРІСѓР»РѕРє,Р“РѕР»РѕСЃС–С—РІСЃСЊРєРёР№
1,Р—Р°РјС–СЃСЊРєРёР№,РїСЂРѕРІСѓР»РѕРє,Р”Р°СЂРЅРёС†СЊРєРёР№
4,Р—Р°РјРєРѕРІРµС†СЊРєР°,РІСѓР»РёС†СЏ,РџРѕРґС–Р»СЊСЃСЊРєРёР№
1,Р—Р°РјРєРѕРІРµС†СЊРєРёР№,РїСЂРѕРІСѓР»РѕРє,РџРѕРґС–Р»СЊСЃСЊРєРёР№
3,Р—Р°РЅСЊРєРѕРІРµС†СЊРєРѕС—,РІСѓР»РёС†СЏ,РџРµС‡РµСЂСЃСЊРєРёР№
2,Р—Р°РѕР·РµСЂРЅРёР№,РїСЂРѕРІСѓР»РѕРє,Р”РµСЃРЅСЏРЅСЃСЊРєРёР№
2,Р—Р°РїР°РґРёРЅСЃСЊРєР°,РІСѓР»РёС†СЏ,РџРѕРґС–Р»СЊСЃСЊРєРёР№
6,Р—Р°РїР°С€РЅРёР№,РїСЂРѕРІСѓР»РѕРє,Р”Р°СЂРЅРёС†СЊРєРёР№
1,Р—Р°РїРµС‡РµСЂРЅРёР№,РїСЂРѕРІСѓР»РѕРє,РџРµС‡РµСЂСЃСЊРєРёР№
2,Р—Р°РїР»Р°РІРЅР°,РІСѓР»РёС†СЏ,Р”Р°СЂРЅРёС†СЊРєРёР№
1,Р—Р°РїР»Р°РІРЅРёР№,РїСЂРѕРІСѓР»РѕРє,Р”Р°СЂРЅРёС†СЊРєРёР№
3,Р—Р°РїРѕРІС–С‚РЅР°,РІСѓР»РёС†СЏ,РЎРѕР»РѕРј'СЏРЅСЃСЊРєРёР№
3,Р—Р°РїРѕРІС–С‚РЅРёР№,РїСЂРѕРІСѓР»РѕРє,РЎРѕР»РѕРј'СЏРЅСЃСЊРєРёР№
3,Р—Р°РїРѕСЂС–Р·СЊРєР°,РІСѓР»РёС†СЏ,РЎРѕР»РѕРј'СЏРЅСЃСЊРєРёР№
2,Р—Р°РїРѕСЂРѕР¶С†СЏ РџРµС‚СЂР°,РІСѓР»РёС†СЏ,Р”РЅС–РїСЂРѕРІСЃСЊРєРёР№
1,Р—Р°РїРѕСЂРѕР¶С†СЏ РџРµС‚СЂР°,РІСѓР»РёС†СЏ,Р”РµСЃРЅСЏРЅСЃСЊРєРёР№
2,Р—Р°СЂРµРјР±Рё Р’Р»Р°РґРёСЃР»Р°РІР°,РїСЂРѕРІСѓР»РѕРє,Р“РѕР»РѕСЃС–С—РІСЃСЊРєРёР№
2,Р—Р°СЂС–С‡РЅР°,РІСѓР»РёС†СЏ,Р”Р°СЂРЅРёС†СЊРєРёР№
3,Р—Р°СЂСѓР±РёРЅРµС†СЊРєР°,РІСѓР»РёС†СЏ,РџРѕРґС–Р»СЊСЃСЊРєРёР№
3,Р—Р°СЃР»РѕРЅРѕРІР° РљРѕСЃС‚СЏРЅС‚РёРЅР°,РІСѓР»РёС†СЏ,Р”Р°СЂРЅРёС†СЊРєРёР№
1,Р—Р°С‚С”РІР°С…С–РЅР° РџРѕР»РєРѕРІРЅРёРєР°,РІСѓР»РёС†СЏ,Р“РѕР»РѕСЃС–С—РІСЃСЊРєРёР№
3,Р—Р°С‚РёС€РЅР°,РІСѓР»РёС†СЏ,Р”Р°СЂРЅРёС†СЊРєРёР№
2,Р—Р°С…Р°СЂС–РІСЃСЊРєР°,РІСѓР»РёС†СЏ,РџРѕРґС–Р»СЊСЃСЊРєРёР№
1,Р—Р°С…РёСЃРЅРёРєС–РІ,РїСЂРѕРІСѓР»РѕРє,Р”РµСЃРЅСЏРЅСЃСЊРєРёР№
3,Р—Р°С…С–РґРЅР°,РІСѓР»РёС†СЏ,РЎРѕР»РѕРј'СЏРЅСЃСЊРєРёР№
1,Р—Р°С…С–РґРЅРёР№,РїСЂРѕРІСѓР»РѕРє,РЎРѕР»РѕРј'СЏРЅСЃСЊРєРёР№
3,Р—РІРµРЅРёРіРѕСЂРѕРґСЃСЊРєР°,РІСѓР»РёС†СЏ,РЎРІСЏС‚РѕС€РёРЅСЃСЊРєРёР№
4,Р—РІС–СЂРёРЅРµС†СЊРєР°,РІСѓР»РёС†СЏ,РџРµС‡РµСЂСЃСЊРєРёР№
1,Р—РІС–СЂРёРЅРµС†СЊРєРёР№,РїСЂРѕРІСѓР»РѕРє,РџРµС‡РµСЂСЃСЊРєРёР№
1,Р—РІ'СЏР·РєС–РІС†С–РІ,РІСѓР»РёС†СЏ,РЎРІСЏС‚РѕС€РёРЅСЃСЊРєРёР№
2,Р—РіСѓСЂС–РІСЃСЊРєР°,РІСѓР»РёС†СЏ,РЎРѕР»РѕРј'СЏРЅСЃСЊРєРёР№
3,Р—РґРѕР»Р±СѓРЅС–РІСЃСЊРєР°,РІСѓР»РёС†СЏ,Р”Р°СЂРЅРёС†СЊРєРёР№
2,Р—РµР»РµРЅР°,РІСѓР»РёС†СЏ,РЎРѕР»РѕРј'СЏРЅСЃСЊРєРёР№
1,Р—РµР»РµРЅР°,РІСѓР»РёС†СЏ,Р”РЅС–РїСЂРѕРІСЃСЊРєРёР№
3,Р—РµР»РµРЅР°,РІСѓР»РёС†СЏ,РЁРµРІС‡РµРЅРєС–РІСЃСЊРєРёР№
3,Р—РµР»РµРЅРѕРіС–СЂСЃСЊРєР°,РІСѓР»РёС†СЏ,РЎРѕР»РѕРј'СЏРЅСЃСЊРєРёР№
5,Р—РµР»С–РЅСЃСЊРєРѕРіРѕ РђРєР°РґРµРјС–РєР°,РїСЂРѕРІСѓР»РѕРє,РџРѕРґС–Р»СЊСЃСЊРєРёР№
2,Р—РµРјР»СЏРЅРёС‡РЅР°,РІСѓР»РёС†СЏ,РџРѕРґС–Р»СЊСЃСЊРєРёР№
1,Р—РµРјР»СЏРЅСЃСЊРєР°,РІСѓР»РёС†СЏ,РџРµС‡РµСЂСЃСЊРєРёР№
1,Р—РµРјР»СЏРЅСЃСЊРєРёР№,РїСЂРѕРІСѓР»РѕРє,РџРµС‡РµСЂСЃСЊРєРёР№
3,Р—РµРЅС–С‚РЅР°,РІСѓР»РёС†СЏ,РЎРѕР»РѕРј'СЏРЅСЃСЊРєРёР№
2,Р—РёРјРѕРІР°,РІСѓР»РёС†СЏ,РџРѕРґС–Р»СЊСЃСЊРєРёР№
4,Р—Р»Р°С‚РѕРїС–Р»СЊСЃСЊРєР°,РІСѓР»РёС†СЏ,РЎРѕР»РѕРј'СЏРЅСЃСЊРєРёР№
2,Р—РЅР°Рј'СЏРЅСЃСЊРєР°,РІСѓР»РёС†СЏ,РЎРѕР»РѕРј'СЏРЅСЃСЊРєРёР№
1,Р—РѕРІРЅС–С€РЅСЏ,РІСѓР»РёС†СЏ,Р”Р°СЂРЅРёС†СЊРєРёР№
3,Р—РѕРґС‡РёС…,РІСѓР»РёС†СЏ,РЎРІСЏС‚РѕС€РёРЅСЃСЊРєРёР№
3,Р—РѕР»РѕС‚Р°,РІСѓР»РёС†СЏ,Р”РЅС–РїСЂРѕРІСЃСЊРєРёР№
3,Р—РѕР»РѕС‚С– Р”Р¶РµСЂРµР»Р°,РІСѓР»РёС†СЏ,Р“РѕР»РѕСЃС–С—РІСЃСЊРєРёР№
3,Р—РѕР»РѕС‚РѕРІРѕСЂС–С‚СЃСЊРєР°,РІСѓР»РёС†СЏ,РЁРµРІС‡РµРЅРєС–РІСЃСЊРєРёР№
4,Р—РѕР»РѕС‚РѕРІРѕСЂС–С‚СЃСЊРєРёР№,РїСЂРѕС—Р·Рґ,РЁРµРІС‡РµРЅРєС–РІСЃСЊРєРёР№
1,Р—РѕР»РѕС‚РѕРЅС–СЃСЊРєР°,РІСѓР»РёС†СЏ,Р“РѕР»РѕСЃС–С—РІСЃСЊРєРёР№
1,Р—РѕР»РѕС‚РѕСѓСЃС‚С–РІСЃСЊРєР°,РІСѓР»РёС†СЏ,РЁРµРІС‡РµРЅРєС–РІСЃСЊРєРёР№
3,Р—РѕР»РѕС‡РµРІСЃСЊРєР°,РІСѓР»РёС†СЏ,РџРѕРґС–Р»СЊСЃСЊРєРёР№
2,Р—РѕР»РѕС‡РµРІСЃСЊРєРёР№,РїСЂРѕРІСѓР»РѕРє,РџРѕРґС–Р»СЊСЃСЊРєРёР№
4,Р—РѕРѕР»РѕРіС–С‡РЅР°,РІСѓР»РёС†СЏ,РЁРµРІС‡РµРЅРєС–РІСЃСЊРєРёР№
2,Р—РѕРѕС‚РµС…РЅС–РєС–РІ,РІСѓР»РёС†СЏ,Р”Р°СЂРЅРёС†СЊРєРёР№
4,Р—РѕСЂРіРµ Р С–С…Р°СЂРґР°,РІСѓР»РёС†СЏ,РЎРІСЏС‚РѕС€РёРЅСЃСЊРєРёР№
1,Р—РѕСЂСЏРЅР°,РІСѓР»РёС†СЏ,РџРѕРґС–Р»СЊСЃСЊРєРёР№
1,Р—РѕСЂСЏРЅР°,РІСѓР»РёС†СЏ,РЎРѕР»РѕРј'СЏРЅСЃСЊРєРёР№
1,Р—РѕСЂСЏРЅРёР№,РїСЂРѕРІСѓР»РѕРє,РџРѕРґС–Р»СЊСЃСЊРєРёР№
1,Р—СЂРѕС€СѓРІР°Р»СЊРЅР°,РІСѓР»РёС†СЏ,Р”Р°СЂРЅРёС†СЊРєРёР№
2,Р†РІР°РЅР° Р‘С–Р»РёРєР°,РІСѓР»РёС†СЏ,РЎРѕР»РѕРј'СЏРЅСЃСЊРєРёР№
1,Р†РІР°РЅР° Р’РёРіРѕРІСЃСЊРєРѕРіРѕ,РІСѓР»РёС†СЏ,РџРѕРґС–Р»СЊСЃСЊРєРёР№
4,Р†РІР°РЅР° Р РѕРіР°С‡Р°,РІСѓР»РёС†СЏ,Р”РµСЃРЅСЏРЅСЃСЊРєРёР№
3,Р†РІР°С€РєРµРІРёС‡Р° РЇСЂРѕСЃР»Р°РІР°,РІСѓР»РёС†СЏ,РћР±РѕР»РѕРЅСЃСЊРєРёР№
4,Р†РІС‡РµРЅРєР° РњРёС…Р°Р№Р»Р°,РїСЂРѕРІСѓР»РѕРє,РЎРІСЏС‚РѕС€РёРЅСЃСЊРєРёР№
1,Р†РіРѕСЂС–РІСЃСЊРєР°,РІСѓР»РёС†СЏ,РџРѕРґС–Р»СЊСЃСЊРєРёР№
1,Р†РіРѕСЂСЏ Р”РёС‡РµРЅРєР°,РІСѓР»РёС†СЏ,Р“РѕР»РѕСЃС–С—РІСЃСЊРєРёР№
4,Р‡Р¶Р°РєРµРІРёС‡Р° Р†РІР°РЅР°,РІСѓР»РёС†СЏ,РџРѕРґС–Р»СЊСЃСЊРєРёР№
3,Р†Р¶РµРІСЃСЊРєР°,РІСѓР»РёС†СЏ,Р”Р°СЂРЅРёС†СЊРєРёР№
4,Р†Р¶РµРІСЃСЊРєРёР№,РїСЂРѕРІСѓР»РѕРє,Р”Р°СЂРЅРёС†СЊРєРёР№
3,Р†Р·СЋРјСЃСЊРєР°,РІСѓР»РёС†СЏ,Р“РѕР»РѕСЃС–С—РІСЃСЊРєРёР№
1,Р†Р·СЏСЃР»Р°РІСЃСЊРєРёР№,РїСЂРѕРІСѓР»РѕРє,РЎРѕР»РѕРј'СЏРЅСЃСЊРєРёР№
1,Р†Р»Р»С–РЅСЃСЊРєР°,РІСѓР»РёС†СЏ,РџРѕРґС–Р»СЊСЃСЊРєРёР№
2,Р†РЅРіСѓР»СЊСЃСЊРєРёР№,РїСЂРѕРІСѓР»РѕРє,Р“РѕР»РѕСЃС–С—РІСЃСЊРєРёР№
1,Р†РЅРґСѓСЃС‚СЂС–Р°Р»СЊРЅРёР№,РїСЂРѕРІСѓР»РѕРє,РЎРѕР»РѕРј'СЏРЅСЃСЊРєРёР№
3,Р†РЅР¶РµРЅРµСЂР° Р‘РѕСЂРѕРґС–РЅР°,РІСѓР»РёС†СЏ,Р”РЅС–РїСЂРѕРІСЃСЊРєРёР№
2,Р†РЅР¶РµРЅРµСЂРЅР°,РІСѓР»РёС†СЏ,Р“РѕР»РѕСЃС–С—РІСЃСЊРєРёР№
1,Р†РЅР¶РµРЅРµСЂРЅР°,РІСѓР»РёС†СЏ,Р”Р°СЂРЅРёС†СЊРєРёР№
1,Р†РЅР¶РµРЅРµСЂРЅРёР№,РїСЂРѕРІСѓР»РѕРє,РџРµС‡РµСЂСЃСЊРєРёР№
3,Р†РЅР¶РµРЅРµСЂРЅРёР№,РїСЂРѕРІСѓР»РѕРє,Р”Р°СЂРЅРёС†СЊРєРёР№
3,Р†РЅСЃС‚РёС‚СѓС‚СЃСЊРєР°,РІСѓР»РёС†СЏ,РџРµС‡РµСЂСЃСЊРєРёР№
2,Р†РѕР°РЅРЅР° РџР°РІР»Р° Р†Р†,РІСѓР»РёС†СЏ,РџРµС‡РµСЂСЃСЊРєРёР№
3,Р†РїСЃРёР»Р°РЅС‚С–С—РІСЃСЊРєРёР№,РїСЂРѕРІСѓР»РѕРє,РџРµС‡РµСЂСЃСЊРєРёР№
1,Р†СЂРёРЅРёРЅСЃСЊРєР°,РІСѓР»РёС†СЏ,РЁРµРІС‡РµРЅРєС–РІСЃСЊРєРёР№
1,Р†СЂРїС–РЅСЃСЊРєР°,РІСѓР»РёС†СЏ,РЎРІСЏС‚РѕС€РёРЅСЃСЊРєРёР№
2,Р†СЂС‚РёС€СЃСЊРєР°,РІСѓР»РёС†СЏ,Р“РѕР»РѕСЃС–С—РІСЃСЊРєРёР№
1,Р†СЂС‡Р°РЅР° РњРёСЂРѕСЃР»Р°РІР°,РІСѓР»РёС†СЏ,РЎРІСЏС‚РѕС€РёРЅСЃСЊРєРёР№
1,Р†СЃР°Р°РєСЏРЅР°,РІСѓР»РёС†СЏ,РЁРµРІС‡РµРЅРєС–РІСЃСЊРєРёР№
4,Р†СЃРё РњСѓРЅР°С”РІР°,РІСѓР»РёС†СЏ,Р”РµСЃРЅСЏРЅСЃСЊРєРёР№
3,Р†СЃРєСЂС–РІСЃСЊРєР°,РІСѓР»РёС†СЏ,РЎРѕР»РѕРј'СЏРЅСЃСЊРєРёР№
1,Р™РѕРІР° Р‘РѕСЂРµС†СЊРєРѕРіРѕ,РїСЂРѕРІСѓР»РѕРє,РџРµС‡РµСЂСЃСЊРєРёР№
2,Р™РѕСЂРґР°РЅСЃСЊРєР°,РІСѓР»РёС†СЏ,РћР±РѕР»РѕРЅСЃСЊРєРёР№
3,РљР°Р±РµР»СЊРЅР° ,РІСѓР»РёС†СЏ,РћР±РѕР»РѕРЅСЃСЊРєРёР№
3,РљР°Р±Р»СѓРєРѕРІР° РђРєР°РґРµРјС–РєР°,РІСѓР»РёС†СЏ,РЎРѕР»РѕРј'СЏРЅСЃСЊРєРёР№
3,РљР°РІР°Р»РµСЂС–РґР·Рµ Р†РІР°РЅР°,РІСѓР»РёС†СЏ,РџРѕРґС–Р»СЊСЃСЊРєРёР№
2,РљР°РІРєР°Р·СЊРєР°,РІСѓР»РёС†СЏ,РЎРѕР»РѕРј'СЏРЅСЃСЊРєРёР№
,РљР°РґРµС‚СЃСЊРєРёР№ Р“Р°Р№ ,РІСѓР»РёС†СЏ,РЎРѕР»РѕРј'СЏРЅСЃСЊРєРёР№
